folder_path,image_id,video_source,class
SmokeSet1/images,000001.jpg,v00,smoke
SmokeSet1/images,000002.jpg,v00,smoke
SmokeSet1/images,000003.jpg,v00,smoke
SmokeSet1/images,000004.jpg,v00,smoke
SmokeSet1/images,000005.jpg,v00,smoke
SmokeSet1/images,000006.jpg,v00,smoke
SmokeSet1/images,000007.jpg,v00,smoke
SmokeSet1/images,000008.jpg,v00,smoke
SmokeSet1/images,000009.jpg,v00,smoke
SmokeSet1/images,000010.jpg,v00,smoke
SmokeSet1/images,000011.jpg,v00,smoke
SmokeSet1/images,000012.jpg,v00,smoke
SmokeSet1/images,000013.jpg,v00,smoke
SmokeSet1/images,000014.jpg,v00,smoke
SmokeSet1/images,000015.jpg,v00,smoke
SmokeSet1/images,000016.jpg,v00,smoke
SmokeSet1/images,000017.jpg,v00,smoke
SmokeSet1/images,000018.jpg,v00,smoke
SmokeSet1/images,000019.jpg,v00,smoke
SmokeSet1/images,000020.jpg,v00,smoke
SmokeSet1/images,000021.jpg,v00,smoke
SmokeSet1/images,000022.jpg,v00,smoke
SmokeSet1/images,000023.jpg,v00,smoke
SmokeSet1/images,000024.jpg,v00,smoke
SmokeSet1/images,000025.jpg,v00,smoke
SmokeSet1/images,000026.jpg,v00,smoke
SmokeSet1/images,000027.jpg,v00,smoke
SmokeSet1/images,000028.jpg,v00,smoke
SmokeSet1/images,000029.jpg,v00,smoke
SmokeSet1/images,000030.jpg,v00,smoke
SmokeSet1/images,000031.jpg,v00,smoke
SmokeSet1/images,000032.jpg,v00,smoke
SmokeSet1/images,000033.jpg,v00,smoke
SmokeSet1/images,000034.jpg,v00,smoke
SmokeSet1/images,000035.jpg,v00,smoke
SmokeSet1/images,000036.jpg,v00,smoke
SmokeSet1/images,000037.jpg,v00,smoke
SmokeSet1/images,000038.jpg,v00,smoke
SmokeSet1/images,000039.jpg,v00,smoke
SmokeSet1/images,000040.jpg,v00,smoke
SmokeSet1/images,000041.jpg,v00,smoke
SmokeSet1/images,000042.jpg,v00,smoke
SmokeSet1/images,000043.jpg,v00,smoke
SmokeSet1/images,000044.jpg,v00,smoke
SmokeSet1/images,000045.jpg,v00,smoke
SmokeSet1/images,000046.jpg,v00,smoke
SmokeSet1/images,000047.jpg,v00,smoke
SmokeSet1/images,000048.jpg,v00,smoke
SmokeSet1/images,000049.jpg,v00,smoke
SmokeSet1/images,000050.jpg,v00,smoke
SmokeSet1/images,000051.jpg,v00,smoke
SmokeSet1/images,000052.jpg,v00,smoke
SmokeSet1/images,000053.jpg,v00,smoke
SmokeSet1/images,000054.jpg,v00,smoke
SmokeSet1/images,000055.jpg,v00,smoke
SmokeSet1/images,000056.jpg,v00,smoke
SmokeSet1/images,000057.jpg,v00,smoke
SmokeSet1/images,000058.jpg,v00,smoke
SmokeSet1/images,000059.jpg,v00,smoke
SmokeSet1/images,000060.jpg,v00,smoke
SmokeSet1/images,000061.jpg,v00,smoke
SmokeSet1/images,000062.jpg,v00,smoke
SmokeSet1/images,000063.jpg,v00,smoke
SmokeSet1/images,000064.jpg,v00,smoke
SmokeSet1/images,000065.jpg,v00,smoke
SmokeSet1/images,000066.jpg,v00,smoke
SmokeSet1/images,000067.jpg,v00,smoke
SmokeSet1/images,000068.jpg,v00,smoke
SmokeSet1/images,000069.jpg,v00,smoke
SmokeSet1/images,000070.jpg,v00,smoke
SmokeSet1/images,000071.jpg,v00,smoke
SmokeSet1/images,000072.jpg,v00,smoke
SmokeSet1/images,000073.jpg,v00,smoke
SmokeSet1/images,000074.jpg,v00,smoke
SmokeSet1/images,000075.jpg,v00,smoke
SmokeSet1/images,000076.jpg,v00,smoke
SmokeSet1/images,000077.jpg,v00,smoke
SmokeSet1/images,000078.jpg,v00,smoke
SmokeSet1/images,000079.jpg,v00,smoke
SmokeSet1/images,000080.jpg,v00,smoke
SmokeSet1/images,000081.jpg,v00,smoke
SmokeSet1/images,000082.jpg,v00,smoke
SmokeSet1/images,000083.jpg,v00,smoke
SmokeSet1/images,000084.jpg,v00,smoke
SmokeSet1/images,000085.jpg,v00,smoke
SmokeSet1/images,000086.jpg,v00,smoke
SmokeSet1/images,000087.jpg,v00,smoke
SmokeSet1/images,000088.jpg,v00,smoke
SmokeSet1/images,000089.jpg,v00,smoke
SmokeSet1/images,000090.jpg,v00,smoke
SmokeSet1/images,000091.jpg,v00,smoke
SmokeSet1/images,000092.jpg,v00,smoke
SmokeSet1/images,000093.jpg,v00,smoke
SmokeSet1/images,000094.jpg,v00,smoke
SmokeSet1/images,000095.jpg,v00,smoke
SmokeSet1/images,000096.jpg,v00,smoke
SmokeSet1/images,000097.jpg,v00,smoke
SmokeSet1/images,000098.jpg,v00,smoke
SmokeSet1/images,000099.jpg,v00,smoke
SmokeSet1/images,000100.jpg,v00,smoke
SmokeSet1/images,000101.jpg,v00,smoke
SmokeSet1/images,000102.jpg,v00,smoke
SmokeSet1/images,000103.jpg,v00,smoke
SmokeSet1/images,000104.jpg,v00,smoke
SmokeSet1/images,000105.jpg,v00,smoke
SmokeSet1/images,000106.jpg,v00,smoke
SmokeSet1/images,000107.jpg,v00,smoke
SmokeSet1/images,000108.jpg,v00,smoke
SmokeSet1/images,000109.jpg,v00,smoke
SmokeSet1/images,000110.jpg,v00,smoke
SmokeSet1/images,000111.jpg,v00,smoke
SmokeSet1/images,000112.jpg,v00,smoke
SmokeSet1/images,000113.jpg,v00,smoke
SmokeSet1/images,000114.jpg,v00,smoke
SmokeSet1/images,000115.jpg,v00,smoke
SmokeSet1/images,000116.jpg,v00,smoke
SmokeSet1/images,000117.jpg,v00,smoke
SmokeSet1/images,000118.jpg,v00,smoke
SmokeSet1/images,000119.jpg,v00,smoke
SmokeSet1/images,000120.jpg,v00,smoke
SmokeSet1/images,000121.jpg,v00,smoke
SmokeSet1/images,000122.jpg,v00,smoke
SmokeSet1/images,000123.jpg,v00,smoke
SmokeSet1/images,000124.jpg,v00,smoke
SmokeSet1/images,000125.jpg,v00,smoke
SmokeSet1/images,000126.jpg,v00,smoke
SmokeSet1/images,000127.jpg,v00,smoke
SmokeSet1/images,000128.jpg,v00,smoke
SmokeSet1/images,000129.jpg,v00,smoke
SmokeSet1/images,000130.jpg,v00,smoke
SmokeSet1/images,000131.jpg,v00,smoke
SmokeSet1/images,000132.jpg,v00,smoke
SmokeSet1/images,000133.jpg,v00,smoke
SmokeSet1/images,000134.jpg,v00,smoke
SmokeSet1/images,000135.jpg,v00,smoke
SmokeSet1/images,000136.jpg,v00,smoke
SmokeSet1/images,000137.jpg,v00,smoke
SmokeSet1/images,000138.jpg,v00,smoke
SmokeSet1/images,000139.jpg,v00,smoke
SmokeSet1/images,000140.jpg,v00,smoke
SmokeSet1/images,000141.jpg,v00,smoke
SmokeSet1/images,000142.jpg,v00,smoke
SmokeSet1/images,000143.jpg,v00,smoke
SmokeSet1/images,000144.jpg,v00,smoke
SmokeSet1/images,000145.jpg,v00,smoke
SmokeSet1/images,000146.jpg,v00,smoke
SmokeSet1/images,000147.jpg,v00,smoke
SmokeSet1/images,000148.jpg,v00,smoke
SmokeSet1/images,000149.jpg,v00,smoke
SmokeSet1/images,000150.jpg,v00,smoke
SmokeSet1/images,000151.jpg,v00,smoke
SmokeSet1/images,000152.jpg,v00,smoke
SmokeSet1/images,000153.jpg,v00,smoke
SmokeSet1/images,000154.jpg,v00,smoke
SmokeSet1/images,000155.jpg,v00,smoke
SmokeSet1/images,000156.jpg,v00,smoke
SmokeSet1/images,000157.jpg,v00,smoke
SmokeSet1/images,000158.jpg,v00,smoke
SmokeSet1/images,000159.jpg,v00,smoke
SmokeSet1/images,000160.jpg,v00,smoke
SmokeSet1/images,000161.jpg,v00,smoke
SmokeSet1/images,000162.jpg,v00,smoke
SmokeSet1/images,000163.jpg,v00,smoke
SmokeSet1/images,000164.jpg,v00,smoke
SmokeSet1/images,000165.jpg,v00,smoke
SmokeSet1/images,000166.jpg,v00,smoke
SmokeSet1/images,000167.jpg,v00,smoke
SmokeSet1/images,000168.jpg,v00,smoke
SmokeSet1/images,000169.jpg,v00,smoke
SmokeSet1/images,000170.jpg,v00,smoke
SmokeSet1/images,000171.jpg,v00,smoke
SmokeSet1/images,000172.jpg,v00,smoke
SmokeSet1/images,000173.jpg,v00,smoke
SmokeSet1/images,000174.jpg,v00,smoke
SmokeSet1/images,000175.jpg,v00,smoke
SmokeSet1/images,000176.jpg,v00,smoke
SmokeSet1/images,000177.jpg,v00,smoke
SmokeSet1/images,000178.jpg,v00,smoke
SmokeSet1/images,000179.jpg,v00,smoke
SmokeSet1/images,000180.jpg,v00,smoke
SmokeSet1/images,000181.jpg,v00,smoke
SmokeSet1/images,000182.jpg,v00,smoke
SmokeSet1/images,000183.jpg,v00,smoke
SmokeSet1/images,000184.jpg,v00,smoke
SmokeSet1/images,000185.jpg,v00,smoke
SmokeSet1/images,000186.jpg,v00,smoke
SmokeSet1/images,000187.jpg,v00,smoke
SmokeSet1/images,000188.jpg,v00,smoke
SmokeSet1/images,000189.jpg,v00,smoke
SmokeSet1/images,000190.jpg,v00,smoke
SmokeSet1/images,000191.jpg,v00,smoke
SmokeSet1/images,000192.jpg,v00,smoke
SmokeSet1/images,000193.jpg,v00,smoke
SmokeSet1/images,000194.jpg,v00,smoke
SmokeSet1/images,000195.jpg,v00,smoke
SmokeSet1/images,000196.jpg,v00,smoke
SmokeSet1/images,000197.jpg,v00,smoke
SmokeSet1/images,000198.jpg,v00,smoke
SmokeSet1/images,000199.jpg,v00,smoke
SmokeSet1/images,000200.jpg,v00,smoke
SmokeSet1/images,000201.jpg,v00,smoke
SmokeSet1/images,000202.jpg,v00,smoke
SmokeSet1/images,000203.jpg,v00,smoke
SmokeSet1/images,000204.jpg,v00,smoke
SmokeSet1/images,000205.jpg,v00,smoke
SmokeSet1/images,000206.jpg,v00,smoke
SmokeSet1/images,000207.jpg,v00,smoke
SmokeSet1/images,000208.jpg,v00,smoke
SmokeSet1/images,000209.jpg,v00,smoke
SmokeSet1/images,000210.jpg,v00,smoke
SmokeSet1/images,000211.jpg,v00,smoke
SmokeSet1/images,000212.jpg,v00,smoke
SmokeSet1/images,000213.jpg,v00,smoke
SmokeSet1/images,000214.jpg,v00,smoke
SmokeSet1/images,000215.jpg,v00,smoke
SmokeSet1/images,000216.jpg,v00,smoke
SmokeSet1/images,000217.jpg,v00,smoke
SmokeSet1/images,000218.jpg,v00,smoke
SmokeSet1/images,000219.jpg,v00,smoke
SmokeSet1/images,000220.jpg,v00,smoke
SmokeSet1/images,000221.jpg,v00,smoke
SmokeSet1/images,000222.jpg,v00,smoke
SmokeSet1/images,000223.jpg,v00,smoke
SmokeSet1/images,000224.jpg,v00,smoke
SmokeSet1/images,000225.jpg,v00,smoke
SmokeSet1/images,000226.jpg,v00,smoke
SmokeSet1/images,000227.jpg,v00,smoke
SmokeSet1/images,000228.jpg,v00,smoke
SmokeSet1/images,000229.jpg,v00,smoke
SmokeSet1/images,000230.jpg,v00,smoke
SmokeSet1/images,000231.jpg,v00,smoke
SmokeSet1/images,000232.jpg,v00,smoke
SmokeSet1/images,000233.jpg,v00,smoke
SmokeSet1/images,000234.jpg,v00,smoke
SmokeSet1/images,000235.jpg,v00,smoke
SmokeSet1/images,000236.jpg,v00,smoke
SmokeSet1/images,000237.jpg,v00,smoke
SmokeSet1/images,000238.jpg,v00,smoke
SmokeSet1/images,000239.jpg,v00,smoke
SmokeSet1/images,000240.jpg,v00,smoke
SmokeSet1/images,000241.jpg,v00,smoke
SmokeSet1/images,000242.jpg,v00,smoke
SmokeSet1/images,000243.jpg,v00,smoke
SmokeSet1/images,000244.jpg,v00,smoke
SmokeSet1/images,000245.jpg,v00,smoke
SmokeSet1/images,000246.jpg,v00,smoke
SmokeSet1/images,000247.jpg,v00,smoke
SmokeSet1/images,000248.jpg,v00,smoke
SmokeSet1/images,000249.jpg,v00,smoke
SmokeSet1/images,000250.jpg,v00,smoke
SmokeSet1/images,000251.jpg,v00,smoke
SmokeSet1/images,000252.jpg,v00,smoke
SmokeSet1/images,000253.jpg,v00,smoke
SmokeSet1/images,000254.jpg,v00,smoke
SmokeSet1/images,000255.jpg,v00,smoke
SmokeSet1/images,000256.jpg,v00,smoke
SmokeSet1/images,000257.jpg,v00,smoke
SmokeSet1/images,000258.jpg,v00,smoke
SmokeSet1/images,000259.jpg,v00,smoke
SmokeSet1/images,000260.jpg,v00,smoke
SmokeSet1/images,000261.jpg,v00,smoke
SmokeSet1/images,000262.jpg,v00,smoke
SmokeSet1/images,000263.jpg,v00,smoke
SmokeSet1/images,000264.jpg,v00,smoke
SmokeSet1/images,000265.jpg,v00,smoke
SmokeSet1/images,000266.jpg,v00,smoke
SmokeSet1/images,000267.jpg,v00,smoke
SmokeSet1/images,000268.jpg,v00,smoke
SmokeSet1/images,000269.jpg,v00,smoke
SmokeSet1/images,000270.jpg,v00,smoke
SmokeSet1/images,000271.jpg,v00,smoke
SmokeSet1/images,000272.jpg,v00,smoke
SmokeSet1/images,000273.jpg,v00,smoke
SmokeSet1/images,000274.jpg,v00,smoke
SmokeSet1/images,000275.jpg,v00,smoke
SmokeSet1/images,000276.jpg,v00,smoke
SmokeSet1/images,000277.jpg,v00,smoke
SmokeSet1/images,000278.jpg,v00,smoke
SmokeSet1/images,000279.jpg,v00,smoke
SmokeSet1/images,000280.jpg,v00,smoke
SmokeSet1/images,000281.jpg,v00,smoke
SmokeSet1/images,000282.jpg,v00,smoke
SmokeSet1/images,000283.jpg,v00,smoke
SmokeSet1/images,000284.jpg,v00,smoke
SmokeSet1/images,000285.jpg,v00,smoke
SmokeSet1/images,000286.jpg,v00,smoke
SmokeSet1/images,000287.jpg,v00,smoke
SmokeSet1/images,000288.jpg,v00,smoke
SmokeSet1/images,000289.jpg,v00,smoke
SmokeSet1/images,000290.jpg,v00,smoke
SmokeSet1/images,000291.jpg,v00,smoke
SmokeSet1/images,000292.jpg,v00,smoke
SmokeSet1/images,000293.jpg,v00,smoke
SmokeSet1/images,000294.jpg,v00,smoke
SmokeSet1/images,000295.jpg,v00,smoke
SmokeSet1/images,000296.jpg,v00,smoke
SmokeSet1/images,000297.jpg,v00,smoke
SmokeSet1/images,000298.jpg,v00,smoke
SmokeSet1/images,000553.jpg,v01,smoke
SmokeSet1/images,000554.jpg,v01,smoke
SmokeSet1/images,000555.jpg,v01,smoke
SmokeSet1/images,000556.jpg,v01,smoke
SmokeSet1/images,000557.jpg,v01,smoke
SmokeSet1/images,000558.jpg,v01,smoke
SmokeSet1/images,000559.jpg,v01,smoke
SmokeSet1/images,000560.jpg,v01,smoke
SmokeSet1/images,000561.jpg,v01,smoke
SmokeSet1/images,000562.jpg,v01,smoke
SmokeSet1/images,000563.jpg,v01,smoke
SmokeSet1/images,000564.jpg,v01,smoke
SmokeSet1/images,000565.jpg,v01,smoke
SmokeSet1/images,000566.jpg,v01,smoke
SmokeSet1/images,000567.jpg,v01,smoke
SmokeSet1/images,000568.jpg,v01,smoke
SmokeSet1/images,000569.jpg,v01,smoke
SmokeSet1/images,000570.jpg,v01,smoke
SmokeSet1/images,000571.jpg,v01,smoke
SmokeSet1/images,000572.jpg,v01,smoke
SmokeSet1/images,000573.jpg,v01,smoke
SmokeSet1/images,000574.jpg,v01,smoke
SmokeSet1/images,000575.jpg,v01,smoke
SmokeSet1/images,000576.jpg,v01,smoke
SmokeSet1/images,000577.jpg,v01,smoke
SmokeSet1/images,000578.jpg,v01,smoke
SmokeSet1/images,000579.jpg,v01,smoke
SmokeSet1/images,000580.jpg,v01,smoke
SmokeSet1/images,000581.jpg,v01,smoke
SmokeSet1/images,000582.jpg,v01,smoke
SmokeSet1/images,000583.jpg,v01,smoke
SmokeSet1/images,000584.jpg,v01,smoke
SmokeSet1/images,000585.jpg,v01,smoke
SmokeSet1/images,000586.jpg,v01,smoke
SmokeSet1/images,000587.jpg,v01,smoke
SmokeSet1/images,000588.jpg,v01,smoke
SmokeSet1/images,000589.jpg,v01,smoke
SmokeSet1/images,000590.jpg,v01,smoke
SmokeSet1/images,000591.jpg,v01,smoke
SmokeSet1/images,000592.jpg,v01,smoke
SmokeSet1/images,000593.jpg,v01,smoke
SmokeSet1/images,000594.jpg,v01,smoke
SmokeSet1/images,000595.jpg,v01,smoke
SmokeSet1/images,000596.jpg,v01,smoke
SmokeSet1/images,000597.jpg,v01,smoke
SmokeSet1/images,000598.jpg,v01,smoke
SmokeSet1/images,000599.jpg,v01,smoke
SmokeSet1/images,000600.jpg,v01,smoke
SmokeSet1/images,000601.jpg,v01,smoke
SmokeSet1/images,000602.jpg,v01,smoke
SmokeSet1/images,000603.jpg,v01,smoke
SmokeSet1/images,000604.jpg,v01,smoke
SmokeSet1/images,000605.jpg,v01,smoke
SmokeSet1/images,000606.jpg,v01,smoke
SmokeSet1/images,000607.jpg,v01,smoke
SmokeSet1/images,000608.jpg,v01,smoke
SmokeSet1/images,000609.jpg,v01,smoke
SmokeSet1/images,000610.jpg,v01,smoke
SmokeSet1/images,000611.jpg,v01,smoke
SmokeSet1/images,000612.jpg,v01,smoke
SmokeSet1/images,000613.jpg,v01,smoke
SmokeSet1/images,000614.jpg,v01,smoke
SmokeSet1/images,000615.jpg,v01,smoke
SmokeSet1/images,000616.jpg,v01,smoke
SmokeSet1/images,000617.jpg,v01,smoke
SmokeSet1/images,000618.jpg,v01,smoke
SmokeSet1/images,000619.jpg,v01,smoke
SmokeSet1/images,000620.jpg,v01,smoke
SmokeSet1/images,000621.jpg,v01,smoke
SmokeSet1/images,000622.jpg,v01,smoke
SmokeSet1/images,000623.jpg,v01,smoke
SmokeSet1/images,000624.jpg,v01,smoke
SmokeSet1/images,000625.jpg,v01,smoke
SmokeSet1/images,000626.jpg,v01,smoke
SmokeSet1/images,000627.jpg,v01,smoke
SmokeSet1/images,000628.jpg,v01,smoke
SmokeSet1/images,000629.jpg,v01,smoke
SmokeSet1/images,000630.jpg,v01,smoke
SmokeSet1/images,000631.jpg,v01,smoke
SmokeSet1/images,000632.jpg,v01,smoke
SmokeSet1/images,000633.jpg,v01,smoke
SmokeSet1/images,000634.jpg,v01,smoke
SmokeSet1/images,000635.jpg,v01,smoke
SmokeSet1/images,000636.jpg,v01,smoke
SmokeSet1/images,000637.jpg,v01,smoke
SmokeSet1/images,000638.jpg,v01,smoke
SmokeSet1/images,000639.jpg,v01,smoke
SmokeSet1/images,000640.jpg,v01,smoke
SmokeSet1/images,000641.jpg,v01,smoke
SmokeSet1/images,000642.jpg,v01,smoke
SmokeSet1/images,000643.jpg,v01,smoke
SmokeSet1/images,000644.jpg,v01,smoke
SmokeSet1/images,000645.jpg,v01,smoke
SmokeSet1/images,000646.jpg,v01,smoke
SmokeSet1/images,000647.jpg,v01,smoke
SmokeSet1/images,000648.jpg,v01,smoke
SmokeSet1/images,000649.jpg,v01,smoke
SmokeSet1/images,000650.jpg,v01,smoke
SmokeSet1/images,000651.jpg,v01,smoke
SmokeSet1/images,000652.jpg,v01,smoke
SmokeSet1/images,000653.jpg,v01,smoke
SmokeSet1/images,000654.jpg,v01,smoke
SmokeSet1/images,000655.jpg,v01,smoke
SmokeSet1/images,000656.jpg,v01,smoke
SmokeSet1/images,000657.jpg,v01,smoke
SmokeSet1/images,000658.jpg,v01,smoke
SmokeSet1/images,000659.jpg,v01,smoke
SmokeSet1/images,000660.jpg,v01,smoke
SmokeSet1/images,000661.jpg,v02,smoke
SmokeSet1/images,000662.jpg,v02,smoke
SmokeSet1/images,000663.jpg,v02,smoke
SmokeSet1/images,000664.jpg,v02,smoke
SmokeSet1/images,000665.jpg,v02,smoke
SmokeSet1/images,000666.jpg,v02,smoke
SmokeSet1/images,000667.jpg,v02,smoke
SmokeSet1/images,000668.jpg,v02,smoke
SmokeSet1/images,000669.jpg,v02,smoke
SmokeSet1/images,000670.jpg,v02,smoke
SmokeSet1/images,000671.jpg,v02,smoke
SmokeSet1/images,000672.jpg,v02,smoke
SmokeSet1/images,000673.jpg,v02,smoke
SmokeSet1/images,000674.jpg,v02,smoke
SmokeSet1/images,000675.jpg,v02,smoke
SmokeSet1/images,000676.jpg,v02,smoke
SmokeSet1/images,000677.jpg,v02,smoke
SmokeSet1/images,000678.jpg,v02,smoke
SmokeSet1/images,000679.jpg,v02,smoke
SmokeSet1/images,000680.jpg,v02,smoke
SmokeSet1/images,000681.jpg,v02,smoke
SmokeSet1/images,000682.jpg,v02,smoke
SmokeSet1/images,000683.jpg,v02,smoke
SmokeSet1/images,000684.jpg,v02,smoke
SmokeSet1/images,000685.jpg,v02,smoke
SmokeSet1/images,000686.jpg,v02,smoke
SmokeSet1/images,000687.jpg,v02,smoke
SmokeSet1/images,000688.jpg,v02,smoke
SmokeSet1/images,000689.jpg,v02,smoke
SmokeSet1/images,000690.jpg,v02,smoke
SmokeSet1/images,000691.jpg,v02,smoke
SmokeSet1/images,000692.jpg,v02,smoke
SmokeSet1/images,000693.jpg,v02,smoke
SmokeSet1/images,000694.jpg,v02,smoke
SmokeSet1/images,000695.jpg,v02,smoke
SmokeSet1/images,000696.jpg,v02,smoke
SmokeSet1/images,000697.jpg,v02,smoke
SmokeSet1/images,000698.jpg,v02,smoke
SmokeSet1/images,000699.jpg,v02,smoke
SmokeSet1/images,000700.jpg,v02,smoke
SmokeSet1/images,000701.jpg,v02,smoke
SmokeSet1/images,000702.jpg,v02,smoke
SmokeSet1/images,000703.jpg,v02,smoke
SmokeSet1/images,000704.jpg,v02,smoke
SmokeSet1/images,000705.jpg,v02,smoke
SmokeSet1/images,000706.jpg,v02,smoke
SmokeSet1/images,000707.jpg,v02,smoke
SmokeSet1/images,000708.jpg,v02,smoke
SmokeSet1/images,000709.jpg,v02,smoke
SmokeSet1/images,000710.jpg,v02,smoke
SmokeSet1/images,000711.jpg,v02,smoke
SmokeSet1/images,000712.jpg,v02,smoke
SmokeSet1/images,000713.jpg,v02,smoke
SmokeSet1/images,000714.jpg,v02,smoke
SmokeSet1/images,000715.jpg,v02,smoke
SmokeSet1/images,000716.jpg,v02,smoke
SmokeSet1/images,000717.jpg,v02,smoke
SmokeSet1/images,000718.jpg,v02,smoke
SmokeSet1/images,000719.jpg,v02,smoke
SmokeSet1/images,000720.jpg,v02,smoke
SmokeSet1/images,000721.jpg,v02,smoke
SmokeSet1/images,000722.jpg,v02,smoke
SmokeSet1/images,000723.jpg,v02,smoke
SmokeSet1/images,000737.jpg,v02,smoke
SmokeSet1/images,000738.jpg,v02,smoke
SmokeSet1/images,000739.jpg,v02,smoke
SmokeSet1/images,000740.jpg,v02,smoke
SmokeSet1/images,000741.jpg,v02,smoke
SmokeSet1/images,000742.jpg,v02,smoke
SmokeSet1/images,000743.jpg,v02,smoke
SmokeSet1/images,000744.jpg,v02,smoke
SmokeSet1/images,000745.jpg,v02,smoke
SmokeSet1/images,000746.jpg,v02,smoke
SmokeSet1/images,000747.jpg,v02,smoke
SmokeSet1/images,000748.jpg,v02,smoke
SmokeSet1/images,000749.jpg,v02,smoke
SmokeSet1/images,000750.jpg,v02,smoke
SmokeSet1/images,000751.jpg,v02,smoke
SmokeSet1/images,000752.jpg,v02,smoke
SmokeSet1/images,000753.jpg,v02,smoke
SmokeSet1/images,000754.jpg,v02,smoke
SmokeSet1/images,000755.jpg,v02,smoke
SmokeSet1/images,000756.jpg,v02,smoke
SmokeSet1/images,000757.jpg,v02,smoke
SmokeSet1/images,000758.jpg,v02,smoke
SmokeSet1/images,000759.jpg,v02,smoke
SmokeSet1/images,000760.jpg,v02,smoke
SmokeSet1/images,000761.jpg,v02,smoke
SmokeSet1/images,000762.jpg,v02,smoke
SmokeSet1/images,000763.jpg,v02,smoke
SmokeSet1/images,000764.jpg,v02,smoke
SmokeSet1/images,000765.jpg,v02,smoke
SmokeSet1/images,000766.jpg,v02,smoke
SmokeSet1/images,000767.jpg,v02,smoke
SmokeSet1/images,000768.jpg,v02,smoke
SmokeSet1/images,000769.jpg,v02,smoke
SmokeSet1/images,000770.jpg,v02,smoke
SmokeSet1/images,000771.jpg,v02,smoke
SmokeSet1/images,000772.jpg,v02,smoke
SmokeSet1/images,000773.jpg,v02,smoke
SmokeSet1/images,000774.jpg,v02,smoke
SmokeSet1/images,000775.jpg,v02,smoke
SmokeSet1/images,000776.jpg,v02,smoke
SmokeSet1/images,000777.jpg,v02,smoke
SmokeSet1/images,000778.jpg,v02,smoke
SmokeSet1/images,000779.jpg,v02,smoke
SmokeSet1/images,000780.jpg,v02,smoke
SmokeSet1/images,000781.jpg,v02,smoke
SmokeSet1/images,000782.jpg,v02,smoke
SmokeSet1/images,000783.jpg,v02,smoke
SmokeSet1/images,000784.jpg,v02,smoke
SmokeSet1/images,000785.jpg,v02,smoke
SmokeSet1/images,000786.jpg,v02,smoke
SmokeSet1/images,000787.jpg,v02,smoke
SmokeSet1/images,000788.jpg,v02,smoke
SmokeSet1/images,000789.jpg,v02,smoke
SmokeSet1/images,000790.jpg,v02,smoke
SmokeSet1/images,000791.jpg,v02,smoke
SmokeSet1/images,000792.jpg,v02,smoke
SmokeSet1/images,000793.jpg,v02,smoke
SmokeSet1/images,000794.jpg,v02,smoke
SmokeSet1/images,000795.jpg,v02,smoke
SmokeSet1/images,000796.jpg,v02,smoke
SmokeSet1/images,000797.jpg,v02,smoke
SmokeSet1/images,000798.jpg,v02,smoke
SmokeSet1/images,000799.jpg,v02,smoke
SmokeSet1/images,000800.jpg,v02,smoke
SmokeSet1/images,000801.jpg,v02,smoke
SmokeSet1/images,000802.jpg,v02,smoke
SmokeSet1/images,000803.jpg,v02,smoke
SmokeSet1/images,000804.jpg,v02,smoke
SmokeSet1/images,000805.jpg,v02,smoke
SmokeSet1/images,000806.jpg,v02,smoke
SmokeSet1/images,000807.jpg,v02,smoke
SmokeSet1/images,000808.jpg,v02,smoke
SmokeSet1/images,000809.jpg,v02,smoke
SmokeSet1/images,000810.jpg,v02,smoke
SmokeSet1/images,000811.jpg,v02,smoke
SmokeSet1/images,000812.jpg,v02,smoke
SmokeSet1/images,000813.jpg,v02,smoke
SmokeSet1/images,000814.jpg,v02,smoke
SmokeSet1/images,000815.jpg,v02,smoke
SmokeSet1/images,000816.jpg,v02,smoke
SmokeSet1/images,000817.jpg,v02,smoke
SmokeSet1/images,000818.jpg,v02,smoke
SmokeSet1/images,000819.jpg,v02,smoke
SmokeSet1/images,000820.jpg,v02,smoke
SmokeSet1/images,000821.jpg,v02,smoke
SmokeSet1/images,000822.jpg,v02,smoke
SmokeSet1/images,000823.jpg,v02,smoke
SmokeSet1/images,000824.jpg,v02,smoke
SmokeSet1/images,000825.jpg,v02,smoke
SmokeSet1/images,000826.jpg,v02,smoke
SmokeSet1/images,000827.jpg,v02,smoke
SmokeSet1/images,000828.jpg,v02,smoke
SmokeSet1/images,000829.jpg,v02,smoke
SmokeSet1/images,000830.jpg,v02,smoke
SmokeSet1/images,000831.jpg,v02,smoke
SmokeSet1/images,000832.jpg,v02,smoke
SmokeSet1/images,000833.jpg,v02,smoke
SmokeSet1/images,000834.jpg,v02,smoke
SmokeSet1/images,000835.jpg,v02,smoke
SmokeSet1/images,000836.jpg,v02,smoke
SmokeSet1/images,000837.jpg,v02,smoke
SmokeSet1/images,000838.jpg,v02,smoke
SmokeSet1/images,000839.jpg,v02,smoke
SmokeSet1/images,000840.jpg,v02,smoke
SmokeSet1/images,000841.jpg,v02,smoke
SmokeSet1/images,000842.jpg,v02,smoke
SmokeSet1/images,000843.jpg,v02,smoke
SmokeSet1/images,000844.jpg,v02,smoke
SmokeSet1/images,000845.jpg,v02,smoke
SmokeSet1/images,000846.jpg,v02,smoke
SmokeSet1/images,000847.jpg,v02,smoke
SmokeSet1/images,000848.jpg,v02,smoke
SmokeSet1/images,000849.jpg,v02,smoke
SmokeSet1/images,000850.jpg,v02,smoke
SmokeSet1/images,000851.jpg,v02,smoke
SmokeSet1/images,000852.jpg,v02,smoke
SmokeSet1/images,000853.jpg,v02,smoke
SmokeSet1/images,000854.jpg,v02,smoke
SmokeSet1/images,000855.jpg,v02,smoke
SmokeSet1/images,000856.jpg,v02,smoke
SmokeSet1/images,000857.jpg,v02,smoke
SmokeSet1/images,000858.jpg,v02,smoke
SmokeSet1/images,000859.jpg,v02,smoke
SmokeSet1/images,000860.jpg,v02,smoke
SmokeSet1/images,000861.jpg,v02,smoke
SmokeSet1/images,000862.jpg,v02,smoke
SmokeSet1/images,000875.jpg,v03,smoke
SmokeSet1/images,000876.jpg,v03,smoke
SmokeSet1/images,000877.jpg,v03,smoke
SmokeSet1/images,000878.jpg,v03,smoke
SmokeSet1/images,000879.jpg,v03,smoke
SmokeSet1/images,000880.jpg,v03,smoke
SmokeSet1/images,000881.jpg,v03,smoke
SmokeSet1/images,000882.jpg,v03,smoke
SmokeSet1/images,000883.jpg,v03,smoke
SmokeSet1/images,000884.jpg,v03,smoke
SmokeSet1/images,000885.jpg,v03,smoke
SmokeSet1/images,000886.jpg,v03,smoke
SmokeSet1/images,000887.jpg,v03,smoke
SmokeSet1/images,000888.jpg,v03,smoke
SmokeSet1/images,000889.jpg,v03,smoke
SmokeSet1/images,000890.jpg,v03,smoke
SmokeSet1/images,000891.jpg,v03,smoke
SmokeSet1/images,000892.jpg,v03,smoke
SmokeSet1/images,000893.jpg,v03,smoke
SmokeSet1/images,000894.jpg,v03,smoke
SmokeSet1/images,000895.jpg,v03,smoke
SmokeSet1/images,000896.jpg,v03,smoke
SmokeSet1/images,000897.jpg,v03,smoke
SmokeSet1/images,000898.jpg,v03,smoke
SmokeSet1/images,000899.jpg,v03,smoke
SmokeSet1/images,000900.jpg,v03,smoke
SmokeSet1/images,000901.jpg,v03,smoke
SmokeSet1/images,000902.jpg,v03,smoke
SmokeSet1/images,000903.jpg,v03,smoke
SmokeSet1/images,000904.jpg,v03,smoke
SmokeSet1/images,000905.jpg,v03,smoke
SmokeSet1/images,000906.jpg,v03,smoke
SmokeSet1/images,000907.jpg,v03,smoke
SmokeSet1/images,000908.jpg,v03,smoke
SmokeSet1/images,000909.jpg,v03,smoke
SmokeSet1/images,000910.jpg,v03,smoke
SmokeSet1/images,000911.jpg,v03,smoke
SmokeSet1/images,000912.jpg,v03,smoke
SmokeSet1/images,000913.jpg,v03,smoke
SmokeSet1/images,000914.jpg,v03,smoke
SmokeSet1/images,000915.jpg,v03,smoke
SmokeSet1/images,000916.jpg,v03,smoke
SmokeSet1/images,000917.jpg,v03,smoke
SmokeSet1/images,000918.jpg,v03,smoke
SmokeSet1/images,000919.jpg,v03,smoke
SmokeSet1/images,000920.jpg,v03,smoke
SmokeSet1/images,000921.jpg,v03,smoke
SmokeSet1/images,000922.jpg,v03,smoke
SmokeSet1/images,000923.jpg,v03,smoke
SmokeSet1/images,000924.jpg,v03,smoke
SmokeSet1/images,000925.jpg,v03,smoke
SmokeSet1/images,000926.jpg,v03,smoke
SmokeSet1/images,000927.jpg,v03,smoke
SmokeSet1/images,000928.jpg,v03,smoke
SmokeSet1/images,000929.jpg,v03,smoke
SmokeSet1/images,000930.jpg,v03,smoke
SmokeSet1/images,000931.jpg,v03,smoke
SmokeSet1/images,000932.jpg,v03,smoke
SmokeSet1/images,000933.jpg,v03,smoke
SmokeSet1/images,000934.jpg,v03,smoke
SmokeSet1/images,000935.jpg,v03,smoke
SmokeSet1/images,000936.jpg,v03,smoke
SmokeSet1/images,000937.jpg,v03,smoke
SmokeSet1/images,000938.jpg,v03,smoke
SmokeSet1/images,000939.jpg,v03,smoke
SmokeSet1/images,000950.jpg,v04,smoke
SmokeSet1/images,000951.jpg,v04,smoke
SmokeSet1/images,000952.jpg,v04,smoke
SmokeSet1/images,000953.jpg,v04,smoke
SmokeSet1/images,000954.jpg,v04,smoke
SmokeSet1/images,000955.jpg,v04,smoke
SmokeSet1/images,000956.jpg,v04,smoke
SmokeSet1/images,000957.jpg,v04,smoke
SmokeSet1/images,000958.jpg,v04,smoke
SmokeSet1/images,000959.jpg,v04,smoke
SmokeSet1/images,000960.jpg,v04,smoke
SmokeSet1/images,000961.jpg,v04,smoke
SmokeSet1/images,000962.jpg,v04,smoke
SmokeSet1/images,000963.jpg,v04,smoke
SmokeSet1/images,000964.jpg,v04,smoke
SmokeSet1/images,000965.jpg,v04,smoke
SmokeSet1/images,000966.jpg,v04,smoke
SmokeSet1/images,000967.jpg,v04,smoke
SmokeSet1/images,000968.jpg,v04,smoke
SmokeSet1/images,001009.jpg,v05,smoke
SmokeSet1/images,001010.jpg,v05,smoke
SmokeSet1/images,001011.jpg,v05,smoke
SmokeSet1/images,001012.jpg,v05,smoke
SmokeSet1/images,001013.jpg,v05,smoke
SmokeSet1/images,001014.jpg,v05,smoke
SmokeSet1/images,001015.jpg,v05,smoke
SmokeSet1/images,001016.jpg,v05,smoke
SmokeSet1/images,001017.jpg,v05,smoke
SmokeSet1/images,001018.jpg,v05,smoke
SmokeSet1/images,001019.jpg,v05,smoke
SmokeSet1/images,001020.jpg,v05,smoke
SmokeSet1/images,001021.jpg,v05,smoke
SmokeSet1/images,001022.jpg,v05,smoke
SmokeSet1/images,001023.jpg,v05,smoke
SmokeSet1/images,001024.jpg,v05,smoke
SmokeSet1/images,001025.jpg,v05,smoke
SmokeSet1/images,001026.jpg,v05,smoke
SmokeSet1/images,001027.jpg,v05,smoke
SmokeSet1/images,001028.jpg,v05,smoke
SmokeSet1/images,001029.jpg,v05,smoke
SmokeSet1/images,001030.jpg,v05,smoke
SmokeSet1/images,001031.jpg,v05,smoke
SmokeSet1/images,001032.jpg,v05,smoke
SmokeSet1/images,001033.jpg,v05,smoke
SmokeSet1/images,001034.jpg,v05,smoke
SmokeSet1/images,001035.jpg,v05,smoke
SmokeSet1/images,001036.jpg,v05,smoke
SmokeSet1/images,001037.jpg,v05,smoke
SmokeSet1/images,001038.jpg,v05,smoke
SmokeSet1/images,001039.jpg,v05,smoke
SmokeSet1/images,001040.jpg,v05,smoke
SmokeSet1/images,001041.jpg,v05,smoke
SmokeSet1/images,001042.jpg,v05,smoke
SmokeSet1/images,001043.jpg,v05,smoke
SmokeSet1/images,001044.jpg,v05,smoke
SmokeSet1/images,001045.jpg,v05,smoke
SmokeSet1/images,001046.jpg,v05,smoke
SmokeSet1/images,001047.jpg,v05,smoke
SmokeSet1/images,001048.jpg,v05,smoke
SmokeSet1/images,001049.jpg,v05,smoke
SmokeSet1/images,001050.jpg,v05,smoke
SmokeSet1/images,001051.jpg,v05,smoke
SmokeSet1/images,001052.jpg,v05,smoke
SmokeSet1/images,001053.jpg,v05,smoke
SmokeSet1/images,001054.jpg,v05,smoke
SmokeSet1/images,001055.jpg,v05,smoke
SmokeSet1/images,001056.jpg,v05,smoke
SmokeSet1/images,001057.jpg,v05,smoke
SmokeSet1/images,001058.jpg,v05,smoke
SmokeSet1/images,001059.jpg,v05,smoke
SmokeSet1/images,001060.jpg,v05,smoke
SmokeSet1/images,001061.jpg,v05,smoke
SmokeSet1/images,001062.jpg,v05,smoke
SmokeSet1/images,001063.jpg,v05,smoke
SmokeSet1/images,001064.jpg,v05,smoke
SmokeSet1/images,001065.jpg,v05,smoke
SmokeSet1/images,001066.jpg,v05,smoke
SmokeSet1/images,001067.jpg,v05,smoke
SmokeSet1/images,001068.jpg,v05,smoke
SmokeSet1/images,001069.jpg,v05,smoke
SmokeSet1/images,001070.jpg,v05,smoke
SmokeSet1/images,001071.jpg,v05,smoke
SmokeSet1/images,001072.jpg,v05,smoke
SmokeSet1/images,001073.jpg,v05,smoke
SmokeSet1/images,001074.jpg,v05,smoke
SmokeSet1/images,001075.jpg,v05,smoke
SmokeSet1/images,001076.jpg,v05,smoke
SmokeSet1/images,001077.jpg,v05,smoke
SmokeSet1/images,001078.jpg,v05,smoke
SmokeSet1/images,001079.jpg,v05,smoke
SmokeSet1/images,001080.jpg,v05,smoke
SmokeSet1/images,001081.jpg,v05,smoke
SmokeSet1/images,001082.jpg,v05,smoke
SmokeSet1/images,001083.jpg,v05,smoke
SmokeSet1/images,001084.jpg,v05,smoke
SmokeSet1/images,001085.jpg,v05,smoke
SmokeSet1/images,001086.jpg,v05,smoke
SmokeSet1/images,001087.jpg,v05,smoke
SmokeSet1/images,001088.jpg,v05,smoke
SmokeSet1/images,001089.jpg,v05,smoke
SmokeSet1/images,001090.jpg,v05,smoke
SmokeSet1/images,001091.jpg,v05,smoke
SmokeSet1/images,001092.jpg,v05,smoke
SmokeSet1/images,001093.jpg,v05,smoke
SmokeSet1/images,001094.jpg,v05,smoke
SmokeSet1/images,001095.jpg,v05,smoke
SmokeSet1/images,001096.jpg,v05,smoke
SmokeSet1/images,001097.jpg,v05,smoke
SmokeSet1/images,001098.jpg,v05,smoke
SmokeSet1/images,001099.jpg,v05,smoke
SmokeSet1/images,001100.jpg,v05,smoke
SmokeSet1/images,001101.jpg,v05,smoke
SmokeSet1/images,001102.jpg,v05,smoke
SmokeSet1/images,001103.jpg,v05,smoke
SmokeSet1/images,001104.jpg,v05,smoke
SmokeSet1/images,001105.jpg,v05,smoke
SmokeSet1/images,001106.jpg,v05,smoke
SmokeSet1/images,001107.jpg,v05,smoke
SmokeSet1/images,001108.jpg,v05,smoke
SmokeSet1/images,001109.jpg,v05,smoke
SmokeSet1/images,001110.jpg,v05,smoke
SmokeSet1/images,001119.jpg,v06,smoke
SmokeSet1/images,001120.jpg,v06,smoke
SmokeSet1/images,001121.jpg,v06,smoke
SmokeSet1/images,001122.jpg,v06,smoke
SmokeSet1/images,001123.jpg,v06,smoke
SmokeSet1/images,001124.jpg,v06,smoke
SmokeSet1/images,001125.jpg,v06,smoke
SmokeSet1/images,001126.jpg,v06,smoke
SmokeSet1/images,001127.jpg,v06,smoke
SmokeSet1/images,001128.jpg,v06,smoke
SmokeSet1/images,001129.jpg,v06,smoke
SmokeSet1/images,001130.jpg,v06,smoke
SmokeSet1/images,001131.jpg,v06,smoke
SmokeSet1/images,001132.jpg,v06,smoke
SmokeSet1/images,001133.jpg,v06,smoke
SmokeSet1/images,001134.jpg,v06,smoke
SmokeSet1/images,001135.jpg,v06,smoke
SmokeSet1/images,001136.jpg,v06,smoke
SmokeSet1/images,001137.jpg,v06,smoke
SmokeSet1/images,001138.jpg,v06,smoke
SmokeSet1/images,001139.jpg,v06,smoke
SmokeSet1/images,001140.jpg,v06,smoke
SmokeSet1/images,001141.jpg,v06,smoke
SmokeSet1/images,001142.jpg,v06,smoke
SmokeSet1/images,001143.jpg,v06,smoke
SmokeSet1/images,001144.jpg,v06,smoke
SmokeSet1/images,001145.jpg,v06,smoke
SmokeSet1/images,001146.jpg,v06,smoke
SmokeSet1/images,001147.jpg,v06,smoke
SmokeSet1/images,001148.jpg,v06,smoke
SmokeSet1/images,001149.jpg,v06,smoke
SmokeSet1/images,001150.jpg,v06,smoke
SmokeSet1/images,001151.jpg,v06,smoke
SmokeSet1/images,001152.jpg,v06,smoke
SmokeSet1/images,001153.jpg,v06,smoke
SmokeSet1/images,001154.jpg,v06,smoke
SmokeSet1/images,001155.jpg,v06,smoke
SmokeSet1/images,001156.jpg,v06,smoke
SmokeSet1/images,001157.jpg,v06,smoke
SmokeSet1/images,001158.jpg,v06,smoke
SmokeSet1/images,001159.jpg,v06,smoke
SmokeSet1/images,001160.jpg,v06,smoke
SmokeSet1/images,001161.jpg,v06,smoke
SmokeSet1/images,001162.jpg,v06,smoke
SmokeSet1/images,001163.jpg,v06,smoke
SmokeSet1/images,001164.jpg,v06,smoke
SmokeSet1/images,001165.jpg,v06,smoke
SmokeSet1/images,001166.jpg,v06,smoke
SmokeSet1/images,001167.jpg,v06,smoke
SmokeSet1/images,001168.jpg,v06,smoke
SmokeSet1/images,001169.jpg,v06,smoke
SmokeSet1/images,001170.jpg,v06,smoke
SmokeSet1/images,001171.jpg,v06,smoke
SmokeSet1/images,001172.jpg,v06,smoke
SmokeSet1/images,001173.jpg,v06,smoke
SmokeSet1/images,001174.jpg,v06,smoke
SmokeSet1/images,001175.jpg,v06,smoke
SmokeSet1/images,001176.jpg,v06,smoke
SmokeSet1/images,001177.jpg,v06,smoke
SmokeSet1/images,001178.jpg,v06,smoke
SmokeSet1/images,001179.jpg,v06,smoke
SmokeSet1/images,001180.jpg,v06,smoke
SmokeSet1/images,001181.jpg,v06,smoke
SmokeSet1/images,001182.jpg,v06,smoke
SmokeSet1/images,001183.jpg,v06,smoke
SmokeSet1/images,001184.jpg,v06,smoke
SmokeSet1/images,001185.jpg,v06,smoke
SmokeSet1/images,001186.jpg,v06,smoke
SmokeSet1/images,001187.jpg,v06,smoke
SmokeSet1/images,001188.jpg,v06,smoke
SmokeSet1/images,001189.jpg,v06,smoke
SmokeSet1/images,001190.jpg,v06,smoke
SmokeSet1/images,001191.jpg,v06,smoke
SmokeSet1/images,001192.jpg,v06,smoke
SmokeSet1/images,001193.jpg,v06,smoke
SmokeSet1/images,001194.jpg,v06,smoke
SmokeSet1/images,001195.jpg,v06,smoke
SmokeSet1/images,001196.jpg,v06,smoke
SmokeSet1/images,001197.jpg,v06,smoke
SmokeSet1/images,001198.jpg,v06,smoke
SmokeSet1/images,001199.jpg,v06,smoke
SmokeSet1/images,001200.jpg,v06,smoke
SmokeSet1/images,001201.jpg,v06,smoke
SmokeSet1/images,001202.jpg,v06,smoke
SmokeSet1/images,001203.jpg,v06,smoke
SmokeSet1/images,001204.jpg,v06,smoke
SmokeSet1/images,001205.jpg,v06,smoke
SmokeSet1/images,001206.jpg,v06,smoke
SmokeSet1/images,001207.jpg,v06,smoke
SmokeSet1/images,001208.jpg,v06,smoke
SmokeSet1/images,001209.jpg,v06,smoke
SmokeSet1/images,001210.jpg,v06,smoke
SmokeSet1/images,001211.jpg,v06,smoke
SmokeSet1/images,001212.jpg,v06,smoke
SmokeSet1/images,001213.jpg,v06,smoke
SmokeSet1/images,001214.jpg,v06,smoke
SmokeSet1/images,001215.jpg,v06,smoke
SmokeSet1/images,001216.jpg,v06,smoke
SmokeSet1/images,001217.jpg,v06,smoke
SmokeSet1/images,001218.jpg,v06,smoke
SmokeSet1/images,001219.jpg,v06,smoke
SmokeSet1/images,001220.jpg,v06,smoke
SmokeSet1/images,001221.jpg,v06,smoke
SmokeSet1/images,001222.jpg,v06,smoke
SmokeSet1/images,001223.jpg,v06,smoke
SmokeSet1/images,001224.jpg,v06,smoke
SmokeSet1/images,001225.jpg,v06,smoke
SmokeSet1/images,001226.jpg,v06,smoke
SmokeSet1/images,001227.jpg,v06,smoke
SmokeSet1/images,001228.jpg,v06,smoke
SmokeSet1/images,001229.jpg,v06,smoke
SmokeSet1/images,001230.jpg,v06,smoke
SmokeSet1/images,001231.jpg,v06,smoke
SmokeSet1/images,001232.jpg,v06,smoke
SmokeSet1/images,001233.jpg,v06,smoke
SmokeSet1/images,001234.jpg,v06,smoke
SmokeSet1/images,001235.jpg,v06,smoke
SmokeSet1/images,001236.jpg,v06,smoke
SmokeSet1/images,001237.jpg,v06,smoke
SmokeSet1/images,001238.jpg,v06,smoke
SmokeSet1/images,001239.jpg,v06,smoke
SmokeSet1/images,001240.jpg,v06,smoke
SmokeSet1/images,001241.jpg,v06,smoke
SmokeSet1/images,001242.jpg,v06,smoke
SmokeSet1/images,001243.jpg,v06,smoke
SmokeSet1/images,001244.jpg,v06,smoke
SmokeSet1/images,001245.jpg,v06,smoke
SmokeSet1/images,001246.jpg,v06,smoke
SmokeSet1/images,001247.jpg,v06,smoke
SmokeSet1/images,001248.jpg,v06,smoke
SmokeSet1/images,001249.jpg,v06,smoke
SmokeSet1/images,001250.jpg,v06,smoke
SmokeSet1/images,001251.jpg,v06,smoke
SmokeSet1/images,001252.jpg,v06,smoke
SmokeSet1/images,001253.jpg,v06,smoke
SmokeSet1/images,001254.jpg,v06,smoke
SmokeSet1/images,001255.jpg,v06,smoke
SmokeSet1/images,001256.jpg,v06,smoke
SmokeSet1/images,001257.jpg,v06,smoke
SmokeSet1/images,001258.jpg,v06,smoke
SmokeSet1/images,001259.jpg,v06,smoke
SmokeSet1/images,001260.jpg,v06,smoke
SmokeSet1/images,001261.jpg,v06,smoke
SmokeSet1/images,001262.jpg,v06,smoke
SmokeSet1/images,001263.jpg,v06,smoke
SmokeSet1/images,001264.jpg,v06,smoke
SmokeSet1/images,001265.jpg,v06,smoke
SmokeSet1/images,001266.jpg,v06,smoke
SmokeSet1/images,001267.jpg,v06,smoke
SmokeSet1/images,001268.jpg,v06,smoke
SmokeSet1/images,001269.jpg,v06,smoke
SmokeSet1/images,001270.jpg,v06,smoke
SmokeSet1/images,001271.jpg,v06,smoke
SmokeSet1/images,001272.jpg,v06,smoke
SmokeSet1/images,001273.jpg,v06,smoke
SmokeSet1/images,001274.jpg,v06,smoke
SmokeSet1/images,001275.jpg,v06,smoke
SmokeSet1/images,001276.jpg,v06,smoke
SmokeSet1/images,001277.jpg,v06,smoke
SmokeSet1/images,001278.jpg,v06,smoke
SmokeSet1/images,001279.jpg,v06,smoke
SmokeSet1/images,001280.jpg,v06,smoke
SmokeSet1/images,001281.jpg,v06,smoke
SmokeSet1/images,001282.jpg,v06,smoke
SmokeSet1/images,001283.jpg,v06,smoke
SmokeSet1/images,001284.jpg,v06,smoke
SmokeSet1/images,001285.jpg,v06,smoke
SmokeSet1/images,001286.jpg,v06,smoke
SmokeSet1/images,001287.jpg,v06,smoke
SmokeSet1/images,001288.jpg,v06,smoke
SmokeSet1/images,001289.jpg,v06,smoke
SmokeSet1/images,001290.jpg,v06,smoke
SmokeSet1/images,001291.jpg,v06,smoke
SmokeSet1/images,001292.jpg,v06,smoke
SmokeSet1/images,001293.jpg,v06,smoke
SmokeSet1/images,001294.jpg,v06,smoke
SmokeSet1/images,001295.jpg,v06,smoke
SmokeSet1/images,001296.jpg,v06,smoke
SmokeSet1/images,001297.jpg,v06,smoke
SmokeSet1/images,001298.jpg,v06,smoke
SmokeSet1/images,001299.jpg,v06,smoke
SmokeSet1/images,001300.jpg,v06,smoke
SmokeSet1/images,001301.jpg,v06,smoke
SmokeSet1/images,001302.jpg,v06,smoke
SmokeSet1/images,001303.jpg,v06,smoke
SmokeSet1/images,001304.jpg,v06,smoke
SmokeSet1/images,001305.jpg,v06,smoke
SmokeSet1/images,001306.jpg,v06,smoke
SmokeSet1/images,001307.jpg,v06,smoke
SmokeSet1/images,001308.jpg,v06,smoke
SmokeSet1/images,001309.jpg,v06,smoke
SmokeSet1/images,001310.jpg,v06,smoke
SmokeSet1/images,001311.jpg,v06,smoke
SmokeSet1/images,001312.jpg,v06,smoke
SmokeSet1/images,001313.jpg,v06,smoke
SmokeSet1/images,001314.jpg,v06,smoke
SmokeSet1/images,001315.jpg,v06,smoke
SmokeSet1/images,001316.jpg,v06,smoke
SmokeSet1/images,001317.jpg,v06,smoke
SmokeSet1/images,001318.jpg,v06,smoke
SmokeSet1/images,001319.jpg,v06,smoke
SmokeSet1/images,001320.jpg,v06,smoke
SmokeSet1/images,001321.jpg,v06,smoke
SmokeSet1/images,001322.jpg,v06,smoke
SmokeSet1/images,001323.jpg,v06,smoke
SmokeSet1/images,001324.jpg,v06,smoke
SmokeSet1/images,001325.jpg,v06,smoke
SmokeSet1/images,001326.jpg,v06,smoke
SmokeSet1/images,001327.jpg,v06,smoke
SmokeSet1/images,001328.jpg,v06,smoke
SmokeSet1/images,001329.jpg,v06,smoke
SmokeSet1/images,001330.jpg,v06,smoke
SmokeSet1/images,001331.jpg,v06,smoke
SmokeSet1/images,001332.jpg,v06,smoke
SmokeSet1/images,001333.jpg,v06,smoke
SmokeSet1/images,001334.jpg,v06,smoke
SmokeSet1/images,001335.jpg,v06,smoke
SmokeSet1/images,001336.jpg,v06,smoke
SmokeSet1/images,001337.jpg,v06,smoke
SmokeSet1/images,001338.jpg,v06,smoke
SmokeSet1/images,001339.jpg,v06,smoke
SmokeSet1/images,001340.jpg,v06,smoke
SmokeSet1/images,001341.jpg,v06,smoke
SmokeSet1/images,001342.jpg,v06,smoke
SmokeSet1/images,001343.jpg,v06,smoke
SmokeSet1/images,001344.jpg,v06,smoke
SmokeSet1/images,001345.jpg,v06,smoke
SmokeSet1/images,001346.jpg,v06,smoke
SmokeSet1/images,001347.jpg,v06,smoke
SmokeSet1/images,001348.jpg,v06,smoke
SmokeSet1/images,001349.jpg,v06,smoke
SmokeSet1/images,001350.jpg,v06,smoke
SmokeSet1/images,001351.jpg,v06,smoke
SmokeSet1/images,001352.jpg,v06,smoke
SmokeSet1/images,001353.jpg,v06,smoke
SmokeSet1/images,001354.jpg,v06,smoke
SmokeSet1/images,001355.jpg,v06,smoke
SmokeSet1/images,001356.jpg,v06,smoke
SmokeSet1/images,001357.jpg,v06,smoke
SmokeSet1/images,001358.jpg,v06,smoke
SmokeSet1/images,001359.jpg,v06,smoke
SmokeSet1/images,001360.jpg,v06,smoke
SmokeSet1/images,001361.jpg,v06,smoke
SmokeSet1/images,001362.jpg,v06,smoke
SmokeSet1/images,001363.jpg,v06,smoke
SmokeSet1/images,001364.jpg,v06,smoke
SmokeSet1/images,001365.jpg,v06,smoke
SmokeSet1/images,001366.jpg,v06,smoke
SmokeSet1/images,001367.jpg,v06,smoke
SmokeSet1/images,001368.jpg,v06,smoke
SmokeSet1/images,001369.jpg,v06,smoke
SmokeSet1/images,001370.jpg,v06,smoke
SmokeSet1/images,001371.jpg,v06,smoke
SmokeSet1/images,001372.jpg,v06,smoke
SmokeSet1/images,001373.jpg,v06,smoke
SmokeSet1/images,001374.jpg,v06,smoke
SmokeSet1/images,001375.jpg,v06,smoke
SmokeSet1/images,001376.jpg,v06,smoke
SmokeSet1/images,001377.jpg,v06,smoke
SmokeSet1/images,001378.jpg,v06,smoke
SmokeSet1/images,001379.jpg,v06,smoke
SmokeSet1/images,001380.jpg,v06,smoke
SmokeSet1/images,001381.jpg,v06,smoke
SmokeSet1/images,001382.jpg,v06,smoke
SmokeSet1/images,001383.jpg,v06,smoke
SmokeSet1/images,001384.jpg,v06,smoke
SmokeSet1/images,001385.jpg,v06,smoke
SmokeSet1/images,001386.jpg,v06,smoke
SmokeSet1/images,001387.jpg,v06,smoke
SmokeSet1/images,001388.jpg,v06,smoke
SmokeSet1/images,001389.jpg,v06,smoke
SmokeSet1/images,001390.jpg,v06,smoke
SmokeSet1/images,001391.jpg,v06,smoke
SmokeSet1/images,001392.jpg,v06,smoke
SmokeSet1/images,001393.jpg,v06,smoke
SmokeSet1/images,001394.jpg,v06,smoke
SmokeSet1/images,001395.jpg,v06,smoke
SmokeSet1/images,001396.jpg,v06,smoke
SmokeSet1/images,001397.jpg,v06,smoke
SmokeSet1/images,001398.jpg,v06,smoke
SmokeSet1/images,001399.jpg,v06,smoke
SmokeSet1/images,001400.jpg,v06,smoke
SmokeSet1/images,001401.jpg,v06,smoke
SmokeSet1/images,001402.jpg,v06,smoke
SmokeSet1/images,001403.jpg,v06,smoke
SmokeSet1/images,001404.jpg,v06,smoke
SmokeSet1/images,001405.jpg,v06,smoke
SmokeSet1/images,001406.jpg,v06,smoke
SmokeSet1/images,001407.jpg,v06,smoke
SmokeSet1/images,001408.jpg,v06,smoke
SmokeSet1/images,001409.jpg,v06,smoke
SmokeSet1/images,001410.jpg,v06,smoke
SmokeSet1/images,001411.jpg,v07,smoke
SmokeSet1/images,001412.jpg,v07,smoke
SmokeSet1/images,001413.jpg,v07,smoke
SmokeSet1/images,001414.jpg,v07,smoke
SmokeSet1/images,001415.jpg,v07,smoke
SmokeSet1/images,001416.jpg,v07,smoke
SmokeSet1/images,001417.jpg,v07,smoke
SmokeSet1/images,001418.jpg,v07,smoke
SmokeSet1/images,001419.jpg,v07,smoke
SmokeSet1/images,001420.jpg,v07,smoke
SmokeSet1/images,001421.jpg,v07,smoke
SmokeSet1/images,001422.jpg,v07,smoke
SmokeSet1/images,001423.jpg,v07,smoke
SmokeSet1/images,001424.jpg,v07,smoke
SmokeSet1/images,001425.jpg,v07,smoke
SmokeSet1/images,001426.jpg,v07,smoke
SmokeSet1/images,001427.jpg,v07,smoke
SmokeSet1/images,001428.jpg,v07,smoke
SmokeSet1/images,001429.jpg,v07,smoke
SmokeSet1/images,001430.jpg,v07,smoke
SmokeSet1/images,001431.jpg,v07,smoke
SmokeSet1/images,001432.jpg,v07,smoke
SmokeSet1/images,001433.jpg,v07,smoke
SmokeSet1/images,001434.jpg,v07,smoke
SmokeSet1/images,001435.jpg,v07,smoke
SmokeSet1/images,001436.jpg,v07,smoke
SmokeSet1/images,001437.jpg,v07,smoke
SmokeSet1/images,001438.jpg,v07,smoke
SmokeSet1/images,001439.jpg,v07,smoke
SmokeSet1/images,001440.jpg,v07,smoke
SmokeSet1/images,001441.jpg,v07,smoke
SmokeSet1/images,001442.jpg,v07,smoke
SmokeSet1/images,001443.jpg,v07,smoke
SmokeSet1/images,001444.jpg,v07,smoke
SmokeSet1/images,001445.jpg,v07,smoke
SmokeSet1/images,001446.jpg,v07,smoke
SmokeSet1/images,001447.jpg,v07,smoke
SmokeSet1/images,001448.jpg,v07,smoke
SmokeSet1/images,001449.jpg,v07,smoke
SmokeSet1/images,001450.jpg,v07,smoke
SmokeSet1/images,001451.jpg,v07,smoke
SmokeSet1/images,001452.jpg,v07,smoke
SmokeSet1/images,001453.jpg,v07,smoke
SmokeSet1/images,001454.jpg,v07,smoke
SmokeSet1/images,001455.jpg,v07,smoke
SmokeSet1/images,001456.jpg,v07,smoke
SmokeSet1/images,001457.jpg,v07,smoke
SmokeSet1/images,001458.jpg,v07,smoke
SmokeSet1/images,001459.jpg,v07,smoke
SmokeSet1/images,001460.jpg,v07,smoke
SmokeSet1/images,001461.jpg,v07,smoke
SmokeSet1/images,001462.jpg,v07,smoke
SmokeSet1/images,001463.jpg,v07,smoke
SmokeSet1/images,001464.jpg,v07,smoke
SmokeSet1/images,001465.jpg,v07,smoke
SmokeSet1/images,001466.jpg,v07,smoke
SmokeSet1/images,001467.jpg,v07,smoke
SmokeSet1/images,001468.jpg,v07,smoke
SmokeSet1/images,001469.jpg,v07,smoke
SmokeSet1/images,001470.jpg,v07,smoke
SmokeSet1/images,001471.jpg,v07,smoke
SmokeSet1/images,001472.jpg,v07,smoke
SmokeSet1/images,001473.jpg,v07,smoke
SmokeSet1/images,001474.jpg,v07,smoke
SmokeSet1/images,001475.jpg,v07,smoke
SmokeSet1/images,001476.jpg,v07,smoke
SmokeSet1/images,001477.jpg,v07,smoke
SmokeSet1/images,001478.jpg,v07,smoke
SmokeSet1/images,001479.jpg,v07,smoke
SmokeSet1/images,001480.jpg,v07,smoke
SmokeSet1/images,001481.jpg,v07,smoke
SmokeSet1/images,001482.jpg,v07,smoke
SmokeSet1/images,001483.jpg,v07,smoke
SmokeSet1/images,001484.jpg,v07,smoke
SmokeSet1/images,001485.jpg,v07,smoke
SmokeSet1/images,001486.jpg,v07,smoke
SmokeSet1/images,001487.jpg,v07,smoke
SmokeSet1/images,001488.jpg,v07,smoke
SmokeSet1/images,001489.jpg,v07,smoke
SmokeSet1/images,001490.jpg,v07,smoke
SmokeSet1/images,001491.jpg,v07,smoke
SmokeSet1/images,001492.jpg,v07,smoke
SmokeSet1/images,001493.jpg,v07,smoke
SmokeSet1/images,001494.jpg,v07,smoke
SmokeSet1/images,001495.jpg,v07,smoke
SmokeSet1/images,001496.jpg,v07,smoke
SmokeSet1/images,001497.jpg,v07,smoke
SmokeSet1/images,001498.jpg,v07,smoke
SmokeSet1/images,001499.jpg,v07,smoke
SmokeSet1/images,001500.jpg,v07,smoke
SmokeSet1/images,001501.jpg,v07,smoke
SmokeSet1/images,001502.jpg,v07,smoke
SmokeSet1/images,001503.jpg,v07,smoke
SmokeSet1/images,001504.jpg,v07,smoke
SmokeSet1/images,001505.jpg,v07,smoke
SmokeSet1/images,001506.jpg,v07,smoke
SmokeSet1/images,001507.jpg,v07,smoke
SmokeSet1/images,001508.jpg,v07,smoke
SmokeSet1/images,001509.jpg,v07,smoke
SmokeSet1/images,001510.jpg,v07,smoke
SmokeSet1/images,001511.jpg,v07,smoke
SmokeSet1/images,001512.jpg,v07,smoke
SmokeSet1/images,001513.jpg,v07,smoke
SmokeSet1/images,001514.jpg,v07,smoke
SmokeSet1/images,001515.jpg,v07,smoke
SmokeSet1/images,001516.jpg,v07,smoke
SmokeSet1/images,001517.jpg,v07,smoke
SmokeSet1/images,001518.jpg,v07,smoke
SmokeSet1/images,001519.jpg,v07,smoke
SmokeSet1/images,001520.jpg,v07,smoke
SmokeSet1/images,001521.jpg,v07,smoke
SmokeSet1/images,001522.jpg,v07,smoke
SmokeSet1/images,001523.jpg,v07,smoke
SmokeSet1/images,001524.jpg,v07,smoke
SmokeSet1/images,001525.jpg,v07,smoke
SmokeSet1/images,001526.jpg,v07,smoke
SmokeSet1/images,001527.jpg,v07,smoke
SmokeSet1/images,001528.jpg,v07,smoke
SmokeSet1/images,001529.jpg,v07,smoke
SmokeSet1/images,001530.jpg,v07,smoke
SmokeSet1/images,001531.jpg,v07,smoke
SmokeSet1/images,001532.jpg,v07,smoke
SmokeSet1/images,001533.jpg,v07,smoke
SmokeSet1/images,001534.jpg,v07,smoke
SmokeSet1/images,001535.jpg,v07,smoke
SmokeSet1/images,001536.jpg,v07,smoke
SmokeSet1/images,001537.jpg,v07,smoke
SmokeSet1/images,001538.jpg,v07,smoke
SmokeSet1/images,001539.jpg,v07,smoke
SmokeSet1/images,001540.jpg,v07,smoke
SmokeSet1/images,001541.jpg,v07,smoke
SmokeSet1/images,001542.jpg,v07,smoke
SmokeSet1/images,001543.jpg,v07,smoke
SmokeSet1/images,001544.jpg,v07,smoke
SmokeSet1/images,001545.jpg,v07,smoke
SmokeSet1/images,001546.jpg,v07,smoke
SmokeSet1/images,001547.jpg,v07,smoke
SmokeSet1/images,001548.jpg,v07,smoke
SmokeSet1/images,001549.jpg,v07,smoke
SmokeSet1/images,001550.jpg,v07,smoke
SmokeSet1/images,001551.jpg,v07,smoke
SmokeSet1/images,001552.jpg,v07,smoke
SmokeSet1/images,001553.jpg,v07,smoke
SmokeSet1/images,001554.jpg,v07,smoke
SmokeSet1/images,001555.jpg,v07,smoke
SmokeSet1/images,001556.jpg,v07,smoke
SmokeSet1/images,001557.jpg,v07,smoke
SmokeSet1/images,001558.jpg,v07,smoke
SmokeSet1/images,001559.jpg,v07,smoke
SmokeSet1/images,001560.jpg,v07,smoke
SmokeSet1/images,001561.jpg,v07,smoke
SmokeSet1/images,001562.jpg,v07,smoke
SmokeSet1/images,001563.jpg,v07,smoke
SmokeSet1/images,001564.jpg,v07,smoke
SmokeSet1/images,001565.jpg,v07,smoke
SmokeSet1/images,001566.jpg,v07,smoke
SmokeSet1/images,001567.jpg,v07,smoke
SmokeSet1/images,001568.jpg,v07,smoke
SmokeSet1/images,001569.jpg,v07,smoke
SmokeSet1/images,001570.jpg,v07,smoke
SmokeSet1/images,001571.jpg,v07,smoke
SmokeSet1/images,001572.jpg,v07,smoke
SmokeSet1/images,001573.jpg,v07,smoke
SmokeSet1/images,001574.jpg,v07,smoke
SmokeSet1/images,001575.jpg,v07,smoke
SmokeSet1/images,001576.jpg,v07,smoke
SmokeSet1/images,001577.jpg,v07,smoke
SmokeSet1/images,001578.jpg,v07,smoke
SmokeSet1/images,001579.jpg,v07,smoke
SmokeSet1/images,001580.jpg,v07,smoke
SmokeSet1/images,001581.jpg,v07,smoke
SmokeSet1/images,001582.jpg,v07,smoke
SmokeSet1/images,001583.jpg,v07,smoke
SmokeSet1/images,001584.jpg,v07,smoke
SmokeSet1/images,001585.jpg,v07,smoke
SmokeSet1/images,001586.jpg,v07,smoke
SmokeSet1/images,001587.jpg,v07,smoke
SmokeSet1/images,001588.jpg,v07,smoke
SmokeSet1/images,001589.jpg,v07,smoke
SmokeSet1/images,001590.jpg,v07,smoke
SmokeSet1/images,001591.jpg,v07,smoke
SmokeSet1/images,001592.jpg,v07,smoke
SmokeSet1/images,001593.jpg,v07,smoke
SmokeSet1/images,001594.jpg,v07,smoke
SmokeSet1/images,001595.jpg,v07,smoke
SmokeSet1/images,001596.jpg,v07,smoke
SmokeSet1/images,001597.jpg,v07,smoke
SmokeSet1/images,001598.jpg,v07,smoke
SmokeSet1/images,001599.jpg,v07,smoke
SmokeSet1/images,001600.jpg,v07,smoke
SmokeSet1/images,001601.jpg,v07,smoke
SmokeSet1/images,001602.jpg,v07,smoke
SmokeSet1/images,001603.jpg,v07,smoke
SmokeSet1/images,001604.jpg,v07,smoke
SmokeSet1/images,001605.jpg,v07,smoke
SmokeSet1/images,001606.jpg,v07,smoke
SmokeSet1/images,001607.jpg,v07,smoke
SmokeSet1/images,001608.jpg,v07,smoke
SmokeSet1/images,001609.jpg,v07,smoke
SmokeSet1/images,001610.jpg,v07,smoke
SmokeSet1/images,001611.jpg,v07,smoke
SmokeSet1/images,001612.jpg,v07,smoke
SmokeSet1/images,001613.jpg,v07,smoke
SmokeSet1/images,001614.jpg,v07,smoke
SmokeSet1/images,001615.jpg,v07,smoke
SmokeSet1/images,001616.jpg,v07,smoke
SmokeSet1/images,001617.jpg,v07,smoke
SmokeSet1/images,001618.jpg,v07,smoke
SmokeSet1/images,001619.jpg,v07,smoke
SmokeSet1/images,001620.jpg,v07,smoke
SmokeSet1/images,001621.jpg,v07,smoke
SmokeSet1/images,001622.jpg,v07,smoke
SmokeSet1/images,001623.jpg,v07,smoke
SmokeSet1/images,001624.jpg,v07,smoke
SmokeSet1/images,001625.jpg,v07,smoke
SmokeSet1/images,001626.jpg,v08,smoke
SmokeSet1/images,001627.jpg,v08,smoke
SmokeSet1/images,001628.jpg,v08,smoke
SmokeSet1/images,001629.jpg,v08,smoke
SmokeSet1/images,001630.jpg,v08,smoke
SmokeSet1/images,001631.jpg,v08,smoke
SmokeSet1/images,001632.jpg,v08,smoke
SmokeSet1/images,001633.jpg,v08,smoke
SmokeSet1/images,001634.jpg,v08,smoke
SmokeSet1/images,001635.jpg,v08,smoke
SmokeSet1/images,001636.jpg,v08,smoke
SmokeSet1/images,001637.jpg,v08,smoke
SmokeSet1/images,001638.jpg,v08,smoke
SmokeSet1/images,001639.jpg,v08,smoke
SmokeSet1/images,001640.jpg,v08,smoke
SmokeSet1/images,001641.jpg,v08,smoke
SmokeSet1/images,001642.jpg,v08,smoke
SmokeSet1/images,001643.jpg,v08,smoke
SmokeSet1/images,001644.jpg,v08,smoke
SmokeSet1/images,001645.jpg,v08,smoke
SmokeSet1/images,001646.jpg,v08,smoke
SmokeSet1/images,001647.jpg,v08,smoke
SmokeSet1/images,001648.jpg,v08,smoke
SmokeSet1/images,001649.jpg,v08,smoke
SmokeSet1/images,001650.jpg,v08,smoke
SmokeSet1/images,001651.jpg,v08,smoke
SmokeSet1/images,001652.jpg,v08,smoke
SmokeSet1/images,001653.jpg,v08,smoke
SmokeSet1/images,001654.jpg,v08,smoke
SmokeSet1/images,001655.jpg,v08,smoke
SmokeSet1/images,001656.jpg,v08,smoke
SmokeSet1/images,001657.jpg,v08,smoke
SmokeSet1/images,001658.jpg,v08,smoke
SmokeSet1/images,001659.jpg,v08,smoke
SmokeSet1/images,001660.jpg,v08,smoke
SmokeSet1/images,001661.jpg,v08,smoke
SmokeSet1/images,001662.jpg,v08,smoke
SmokeSet1/images,001663.jpg,v08,smoke
SmokeSet1/images,001664.jpg,v08,smoke
SmokeSet1/images,001665.jpg,v08,smoke
SmokeSet1/images,001666.jpg,v08,smoke
SmokeSet1/images,001667.jpg,v08,smoke
SmokeSet1/images,001668.jpg,v08,smoke
SmokeSet1/images,001669.jpg,v08,smoke
SmokeSet1/images,001670.jpg,v08,smoke
SmokeSet1/images,001671.jpg,v08,smoke
SmokeSet1/images,001672.jpg,v08,smoke
SmokeSet1/images,001673.jpg,v08,smoke
SmokeSet1/images,001674.jpg,v08,smoke
SmokeSet1/images,001675.jpg,v08,smoke
SmokeSet1/images,001676.jpg,v08,smoke
SmokeSet1/images,001677.jpg,v08,smoke
SmokeSet1/images,001678.jpg,v08,smoke
SmokeSet1/images,001679.jpg,v08,smoke
SmokeSet1/images,001680.jpg,v08,smoke
SmokeSet1/images,001681.jpg,v08,smoke
SmokeSet1/images,001682.jpg,v08,smoke
SmokeSet1/images,001683.jpg,v08,smoke
SmokeSet1/images,001684.jpg,v08,smoke
SmokeSet1/images,001685.jpg,v08,smoke
SmokeSet1/images,001686.jpg,v08,smoke
SmokeSet1/images,001687.jpg,v08,smoke
SmokeSet1/images,001688.jpg,v08,smoke
SmokeSet1/images,001689.jpg,v08,smoke
SmokeSet1/images,001690.jpg,v08,smoke
SmokeSet1/images,001691.jpg,v08,smoke
SmokeSet1/images,001692.jpg,v08,smoke
SmokeSet1/images,001693.jpg,v08,smoke
SmokeSet1/images,001694.jpg,v08,smoke
SmokeSet1/images,001695.jpg,v08,smoke
SmokeSet1/images,001696.jpg,v09,smoke
SmokeSet1/images,001697.jpg,v09,smoke
SmokeSet1/images,001698.jpg,v09,smoke
SmokeSet1/images,001699.jpg,v09,smoke
SmokeSet1/images,001700.jpg,v09,smoke
SmokeSet1/images,001701.jpg,v09,smoke
SmokeSet1/images,001702.jpg,v09,smoke
SmokeSet1/images,001703.jpg,v09,smoke
SmokeSet1/images,001704.jpg,v09,smoke
SmokeSet1/images,001705.jpg,v09,smoke
SmokeSet1/images,001706.jpg,v09,smoke
SmokeSet1/images,001707.jpg,v09,smoke
SmokeSet1/images,001708.jpg,v09,smoke
SmokeSet1/images,001709.jpg,v09,smoke
SmokeSet1/images,001710.jpg,v09,smoke
SmokeSet1/images,001711.jpg,v09,smoke
SmokeSet1/images,001712.jpg,v09,smoke
SmokeSet1/images,001713.jpg,v09,smoke
SmokeSet1/images,001714.jpg,v09,smoke
SmokeSet1/images,001715.jpg,v09,smoke
SmokeSet1/images,001716.jpg,v09,smoke
SmokeSet1/images,001717.jpg,v09,smoke
SmokeSet1/images,001718.jpg,v09,smoke
SmokeSet1/images,001719.jpg,v09,smoke
SmokeSet1/images,001720.jpg,v09,smoke
SmokeSet1/images,001721.jpg,v09,smoke
SmokeSet1/images,001722.jpg,v09,smoke
SmokeSet1/images,001723.jpg,v09,smoke
SmokeSet1/images,001724.jpg,v09,smoke
SmokeSet1/images,001725.jpg,v09,smoke
SmokeSet1/images,001726.jpg,v09,smoke
SmokeSet1/images,001727.jpg,v09,smoke
SmokeSet1/images,001728.jpg,v09,smoke
SmokeSet1/images,001729.jpg,v09,smoke
SmokeSet1/images,001730.jpg,v09,smoke
SmokeSet1/images,001731.jpg,v09,smoke
SmokeSet1/images,001732.jpg,v09,smoke
SmokeSet1/images,001733.jpg,v09,smoke
SmokeSet1/images,001734.jpg,v09,smoke
SmokeSet1/images,001735.jpg,v09,smoke
SmokeSet1/images,001736.jpg,v09,smoke
SmokeSet1/images,001737.jpg,v09,smoke
SmokeSet1/images,001738.jpg,v09,smoke
SmokeSet1/images,001739.jpg,v09,smoke
SmokeSet1/images,001740.jpg,v09,smoke
SmokeSet1/images,001741.jpg,v09,smoke
SmokeSet1/images,001742.jpg,v09,smoke
SmokeSet1/images,001743.jpg,v09,smoke
SmokeSet1/images,001744.jpg,v09,smoke
SmokeSet1/images,001745.jpg,v09,smoke
SmokeSet1/images,001746.jpg,v09,smoke
SmokeSet1/images,001747.jpg,v09,smoke
SmokeSet1/images,001748.jpg,v09,smoke
SmokeSet1/images,001749.jpg,v09,smoke
SmokeSet1/images,001750.jpg,v09,smoke
SmokeSet1/images,001751.jpg,v09,smoke
SmokeSet1/images,001752.jpg,v09,smoke
SmokeSet1/images,001753.jpg,v09,smoke
SmokeSet1/images,001754.jpg,v09,smoke
SmokeSet1/images,001755.jpg,v09,smoke
SmokeSet1/images,001756.jpg,v09,smoke
SmokeSet1/images,001757.jpg,v09,smoke
SmokeSet1/images,001758.jpg,v09,smoke
SmokeSet1/images,001759.jpg,v09,smoke
SmokeSet1/images,001760.jpg,v09,smoke
SmokeSet1/images,001761.jpg,v09,smoke
SmokeSet1/images,001762.jpg,v09,smoke
SmokeSet1/images,001763.jpg,v09,smoke
SmokeSet1/images,001764.jpg,v09,smoke
SmokeSet1/images,001765.jpg,v09,smoke
SmokeSet1/images,001766.jpg,v09,smoke
SmokeSet1/images,001767.jpg,v09,smoke
SmokeSet1/images,001768.jpg,v09,smoke
SmokeSet1/images,001769.jpg,v09,smoke
SmokeSet1/images,001770.jpg,v09,smoke
SmokeSet1/images,001771.jpg,v09,smoke
SmokeSet1/images,001772.jpg,v09,smoke
SmokeSet1/images,001773.jpg,v09,smoke
SmokeSet1/images,001774.jpg,v09,smoke
SmokeSet1/images,001775.jpg,v09,smoke
SmokeSet1/images,001776.jpg,v09,smoke
SmokeSet1/images,001777.jpg,v09,smoke
SmokeSet1/images,001778.jpg,v09,smoke
SmokeSet1/images,001779.jpg,v09,smoke
SmokeSet1/images,001780.jpg,v09,smoke
SmokeSet1/images,001781.jpg,v09,smoke
SmokeSet1/images,001782.jpg,v09,smoke
SmokeSet1/images,001783.jpg,v09,smoke
SmokeSet1/images,001784.jpg,v09,smoke
SmokeSet1/images,001785.jpg,v09,smoke
SmokeSet1/images,001786.jpg,v09,smoke
SmokeSet1/images,001787.jpg,v09,smoke
SmokeSet1/images,001788.jpg,v09,smoke
SmokeSet1/images,001789.jpg,v09,smoke
SmokeSet1/images,001790.jpg,v09,smoke
SmokeSet1/images,001791.jpg,v09,smoke
SmokeSet1/images,001792.jpg,v09,smoke
SmokeSet1/images,001793.jpg,v09,smoke
SmokeSet1/images,001794.jpg,v09,smoke
SmokeSet1/images,001795.jpg,v09,smoke
SmokeSet1/images,001796.jpg,v09,smoke
SmokeSet1/images,001797.jpg,v09,smoke
SmokeSet1/images,001798.jpg,v09,smoke
SmokeSet1/images,001799.jpg,v09,smoke
SmokeSet1/images,001800.jpg,v09,smoke
SmokeSet1/images,001801.jpg,v09,smoke
SmokeSet1/images,001802.jpg,v09,smoke
SmokeSet1/images,001803.jpg,v09,smoke
SmokeSet1/images,001804.jpg,v09,smoke
SmokeSet1/images,001805.jpg,v09,smoke
SmokeSet1/images,001806.jpg,v09,smoke
SmokeSet1/images,001807.jpg,v09,smoke
SmokeSet1/images,001808.jpg,v09,smoke
SmokeSet1/images,001809.jpg,v09,smoke
SmokeSet1/images,001810.jpg,v09,smoke
SmokeSet1/images,001811.jpg,v09,smoke
SmokeSet1/images,001812.jpg,v09,smoke
SmokeSet1/images,001813.jpg,v09,smoke
SmokeSet1/images,001814.jpg,v09,smoke
SmokeSet1/images,001815.jpg,v09,smoke
SmokeSet1/images,001816.jpg,v09,smoke
SmokeSet1/images,001817.jpg,v09,smoke
SmokeSet1/images,001818.jpg,v09,smoke
SmokeSet1/images,001819.jpg,v09,smoke
SmokeSet1/images,001820.jpg,v09,smoke
SmokeSet1/images,001821.jpg,v09,smoke
SmokeSet1/images,001822.jpg,v09,smoke
SmokeSet1/images,001823.jpg,v09,smoke
SmokeSet1/images,001824.jpg,v09,smoke
SmokeSet1/images,001825.jpg,v09,smoke
SmokeSet1/images,001826.jpg,v09,smoke
SmokeSet1/images,001827.jpg,v09,smoke
SmokeSet1/images,001828.jpg,v09,smoke
SmokeSet1/images,001829.jpg,v09,smoke
SmokeSet1/images,001830.jpg,v09,smoke
SmokeSet1/images,001831.jpg,v09,smoke
SmokeSet1/images,001832.jpg,v09,smoke
SmokeSet1/images,001833.jpg,v09,smoke
SmokeSet1/images,001834.jpg,v09,smoke
SmokeSet1/images,001835.jpg,v09,smoke
SmokeSet1/images,001836.jpg,v09,smoke
SmokeSet1/images,001837.jpg,v09,smoke
SmokeSet1/images,001838.jpg,v09,smoke
SmokeSet1/images,001839.jpg,v09,smoke
SmokeSet1/images,001840.jpg,v09,smoke
SmokeSet1/images,001841.jpg,v09,smoke
SmokeSet1/images,001842.jpg,v09,smoke
SmokeSet1/images,001843.jpg,v09,smoke
SmokeSet1/images,001844.jpg,v09,smoke
SmokeSet1/images,001845.jpg,v09,smoke
SmokeSet1/images,001846.jpg,v09,smoke
SmokeSet1/images,001847.jpg,v09,smoke
SmokeSet1/images,001848.jpg,v09,smoke
SmokeSet1/images,001849.jpg,v09,smoke
SmokeSet1/images,001850.jpg,v09,smoke
SmokeSet1/images,001851.jpg,v09,smoke
SmokeSet1/images,001852.jpg,v09,smoke
SmokeSet1/images,001853.jpg,v09,smoke
SmokeSet1/images,001854.jpg,v09,smoke
SmokeSet1/images,001855.jpg,v09,smoke
SmokeSet1/images,001856.jpg,v09,smoke
SmokeSet1/images,001857.jpg,v09,smoke
SmokeSet1/images,001858.jpg,v09,smoke
SmokeSet1/images,001859.jpg,v09,smoke
SmokeSet1/images,001860.jpg,v09,smoke
SmokeSet1/images,001861.jpg,v09,smoke
SmokeSet1/images,001862.jpg,v09,smoke
SmokeSet1/images,001863.jpg,v09,smoke
SmokeSet1/images,001864.jpg,v09,smoke
SmokeSet1/images,001865.jpg,v09,smoke
SmokeSet1/images,001866.jpg,v09,smoke
SmokeSet1/images,001867.jpg,v09,smoke
SmokeSet1/images,001868.jpg,v09,smoke
SmokeSet1/images,001869.jpg,v09,smoke
SmokeSet1/images,001870.jpg,v09,smoke
SmokeSet1/images,001871.jpg,v09,smoke
SmokeSet1/images,001872.jpg,v09,smoke
SmokeSet1/images,001873.jpg,v09,smoke
SmokeSet1/images,001874.jpg,v09,smoke
SmokeSet1/images,001875.jpg,v09,smoke
SmokeSet1/images,001876.jpg,v09,smoke
SmokeSet1/images,001877.jpg,v09,smoke
SmokeSet1/images,001878.jpg,v09,smoke
SmokeSet1/images,001879.jpg,v09,smoke
SmokeSet1/images,001880.jpg,v09,smoke
SmokeSet1/images,001881.jpg,v09,smoke
SmokeSet1/images,001882.jpg,v09,smoke
SmokeSet1/images,001883.jpg,v09,smoke
SmokeSet1/images,001884.jpg,v09,smoke
SmokeSet1/images,001885.jpg,v09,smoke
SmokeSet1/images,001886.jpg,v09,smoke
SmokeSet1/images,001887.jpg,v09,smoke
SmokeSet1/images,001888.jpg,v09,smoke
SmokeSet1/images,001889.jpg,v09,smoke
SmokeSet1/images,001890.jpg,v09,smoke
SmokeSet1/images,001891.jpg,v09,smoke
SmokeSet1/images,001892.jpg,v09,smoke
SmokeSet1/images,001893.jpg,v09,smoke
SmokeSet1/images,001894.jpg,v09,smoke
SmokeSet1/images,001895.jpg,v09,smoke
SmokeSet1/images,001896.jpg,v09,smoke
SmokeSet1/images,001897.jpg,v09,smoke
SmokeSet1/images,001898.jpg,v09,smoke
SmokeSet1/images,001899.jpg,v09,smoke
SmokeSet1/images,001900.jpg,v09,smoke
SmokeSet1/images,001901.jpg,v09,smoke
SmokeSet1/images,001902.jpg,v09,smoke
SmokeSet1/images,001903.jpg,v09,smoke
SmokeSet1/images,001904.jpg,v09,smoke
SmokeSet1/images,001905.jpg,v09,smoke
SmokeSet1/images,001906.jpg,v09,smoke
SmokeSet1/images,001907.jpg,v09,smoke
SmokeSet1/images,001908.jpg,v09,smoke
SmokeSet1/images,001909.jpg,v09,smoke
SmokeSet1/images,001910.jpg,v09,smoke
SmokeSet1/images,001911.jpg,v09,smoke
SmokeSet1/images,001912.jpg,v09,smoke
SmokeSet1/images,001913.jpg,v09,smoke
SmokeSet1/images,001914.jpg,v09,smoke
SmokeSet1/images,001915.jpg,v09,smoke
SmokeSet1/images,001916.jpg,v09,smoke
SmokeSet1/images,001917.jpg,v09,smoke
SmokeSet1/images,001918.jpg,v09,smoke
SmokeSet1/images,001919.jpg,v09,smoke
SmokeSet1/images,001920.jpg,v09,smoke
SmokeSet1/images,001921.jpg,v09,smoke
SmokeSet1/images,001922.jpg,v09,smoke
SmokeSet1/images,001923.jpg,v09,smoke
SmokeSet1/images,001924.jpg,v09,smoke
SmokeSet1/images,001925.jpg,v09,smoke
SmokeSet1/images,001926.jpg,v09,smoke
SmokeSet1/images,001927.jpg,v09,smoke
SmokeSet1/images,001928.jpg,v09,smoke
SmokeSet1/images,001929.jpg,v09,smoke
SmokeSet1/images,001930.jpg,v09,smoke
SmokeSet1/images,001931.jpg,v09,smoke
SmokeSet1/images,001932.jpg,v09,smoke
SmokeSet1/images,001933.jpg,v09,smoke
SmokeSet1/images,001934.jpg,v09,smoke
SmokeSet1/images,001935.jpg,v09,smoke
SmokeSet1/images,001936.jpg,v09,smoke
SmokeSet1/images,001937.jpg,v09,smoke
SmokeSet1/images,001938.jpg,v09,smoke
SmokeSet1/images,001939.jpg,v09,smoke
SmokeSet1/images,001940.jpg,v09,smoke
SmokeSet1/images,001941.jpg,v09,smoke
SmokeSet1/images,001942.jpg,v09,smoke
SmokeSet1/images,001943.jpg,v09,smoke
SmokeSet1/images,001944.jpg,v09,smoke
SmokeSet1/images,001945.jpg,v09,smoke
SmokeSet1/images,001946.jpg,v09,smoke
SmokeSet1/images,001947.jpg,v09,smoke
SmokeSet1/images,001948.jpg,v09,smoke
SmokeSet1/images,001949.jpg,v09,smoke
SmokeSet1/images,001950.jpg,v09,smoke
SmokeSet1/images,001951.jpg,v09,smoke
SmokeSet1/images,001952.jpg,v09,smoke
SmokeSet1/images,001953.jpg,v09,smoke
SmokeSet1/images,001954.jpg,v09,smoke
SmokeSet1/images,001955.jpg,v09,smoke
SmokeSet1/images,001956.jpg,v09,smoke
SmokeSet1/images,001957.jpg,v09,smoke
SmokeSet1/images,001958.jpg,v09,smoke
SmokeSet1/images,001959.jpg,v09,smoke
SmokeSet1/images,001960.jpg,v09,smoke
SmokeSet1/images,001961.jpg,v09,smoke
SmokeSet1/images,001962.jpg,v09,smoke
SmokeSet1/images,001963.jpg,v09,smoke
SmokeSet1/images,001964.jpg,v10,smoke
SmokeSet1/images,001965.jpg,v10,smoke
SmokeSet1/images,001966.jpg,v10,smoke
SmokeSet1/images,001967.jpg,v10,smoke
SmokeSet1/images,001968.jpg,v10,smoke
SmokeSet1/images,001969.jpg,v10,smoke
SmokeSet1/images,001970.jpg,v10,smoke
SmokeSet1/images,001971.jpg,v10,smoke
SmokeSet1/images,001972.jpg,v10,smoke
SmokeSet1/images,001973.jpg,v10,smoke
SmokeSet1/images,001974.jpg,v10,smoke
SmokeSet1/images,001975.jpg,v10,smoke
SmokeSet1/images,001976.jpg,v10,smoke
SmokeSet1/images,001977.jpg,v10,smoke
SmokeSet1/images,001978.jpg,v10,smoke
SmokeSet1/images,001979.jpg,v10,smoke
SmokeSet1/images,001980.jpg,v10,smoke
SmokeSet1/images,001981.jpg,v10,smoke
SmokeSet1/images,001982.jpg,v10,smoke
SmokeSet1/images,001983.jpg,v10,smoke
SmokeSet1/images,001984.jpg,v10,smoke
SmokeSet1/images,001985.jpg,v10,smoke
SmokeSet1/images,001986.jpg,v10,smoke
SmokeSet1/images,001987.jpg,v10,smoke
SmokeSet1/images,001988.jpg,v10,smoke
SmokeSet1/images,001989.jpg,v10,smoke
SmokeSet1/images,001990.jpg,v10,smoke
SmokeSet1/images,001991.jpg,v10,smoke
SmokeSet1/images,001992.jpg,v10,smoke
SmokeSet1/images,001993.jpg,v10,smoke
SmokeSet1/images,001994.jpg,v10,smoke
SmokeSet1/images,001995.jpg,v10,smoke
SmokeSet1/images,001996.jpg,v10,smoke
SmokeSet1/images,001997.jpg,v10,smoke
SmokeSet1/images,001998.jpg,v10,smoke
SmokeSet1/images,001999.jpg,v10,smoke
SmokeSet1/images,002000.jpg,v10,smoke
SmokeSet1/images,002001.jpg,v10,smoke
SmokeSet1/images,002002.jpg,v10,smoke
SmokeSet1/images,002003.jpg,v10,smoke
SmokeSet1/images,002004.jpg,v10,smoke
SmokeSet1/images,002005.jpg,v10,smoke
SmokeSet1/images,002006.jpg,v10,smoke
SmokeSet1/images,002007.jpg,v10,smoke
SmokeSet1/images,002008.jpg,v10,smoke
SmokeSet1/images,002009.jpg,v10,smoke
SmokeSet1/images,002010.jpg,v10,smoke
SmokeSet1/images,002011.jpg,v10,smoke
SmokeSet1/images,002012.jpg,v10,smoke
SmokeSet1/images,002013.jpg,v10,smoke
SmokeSet1/images,002014.jpg,v10,smoke
SmokeSet1/images,002015.jpg,v10,smoke
SmokeSet1/images,002016.jpg,v10,smoke
SmokeSet1/images,002017.jpg,v10,smoke
SmokeSet1/images,002018.jpg,v10,smoke
SmokeSet1/images,002019.jpg,v10,smoke
SmokeSet1/images,002020.jpg,v10,smoke
SmokeSet1/images,002021.jpg,v10,smoke
SmokeSet1/images,002022.jpg,v10,smoke
SmokeSet1/images,002023.jpg,v10,smoke
SmokeSet1/images,002024.jpg,v10,smoke
SmokeSet1/images,002025.jpg,v10,smoke
SmokeSet1/images,002026.jpg,v10,smoke
SmokeSet1/images,002027.jpg,v10,smoke
SmokeSet1/images,002028.jpg,v10,smoke
SmokeSet1/images,002029.jpg,v10,smoke
SmokeSet1/images,002030.jpg,v10,smoke
SmokeSet1/images,002031.jpg,v10,smoke
SmokeSet1/images,002032.jpg,v10,smoke
SmokeSet1/images,002033.jpg,v10,smoke
SmokeSet1/images,002034.jpg,v10,smoke
SmokeSet1/images,002035.jpg,v10,smoke
SmokeSet1/images,002036.jpg,v10,smoke
SmokeSet1/images,002037.jpg,v10,smoke
SmokeSet1/images,002038.jpg,v10,smoke
SmokeSet1/images,002039.jpg,v10,smoke
SmokeSet1/images,002040.jpg,v10,smoke
SmokeSet1/images,002041.jpg,v10,smoke
SmokeSet1/images,002042.jpg,v10,smoke
SmokeSet1/images,002043.jpg,v10,smoke
SmokeSet1/images,002044.jpg,v10,smoke
SmokeSet1/images,002045.jpg,v10,smoke
SmokeSet1/images,002046.jpg,v10,smoke
SmokeSet1/images,002047.jpg,v10,smoke
SmokeSet1/images,002048.jpg,v10,smoke
SmokeSet1/images,002049.jpg,v10,smoke
SmokeSet1/images,002050.jpg,v10,smoke
SmokeSet1/images,002051.jpg,v10,smoke
SmokeSet1/images,002052.jpg,v10,smoke
SmokeSet1/images,002053.jpg,v10,smoke
SmokeSet1/images,002054.jpg,v10,smoke
SmokeSet1/images,002055.jpg,v10,smoke
SmokeSet1/images,002056.jpg,v10,smoke
SmokeSet1/images,002057.jpg,v10,smoke
SmokeSet1/images,002058.jpg,v10,smoke
SmokeSet1/images,002059.jpg,v10,smoke
SmokeSet1/images,002060.jpg,v10,smoke
SmokeSet1/images,002061.jpg,v10,smoke
SmokeSet1/images,002062.jpg,v10,smoke
SmokeSet1/images,002063.jpg,v10,smoke
SmokeSet1/images,002064.jpg,v10,smoke
SmokeSet1/images,002065.jpg,v10,smoke
SmokeSet1/images,002066.jpg,v10,smoke
SmokeSet1/images,002067.jpg,v10,smoke
SmokeSet1/images,002068.jpg,v10,smoke
SmokeSet1/images,002069.jpg,v10,smoke
SmokeSet1/images,002070.jpg,v10,smoke
SmokeSet1/images,002071.jpg,v10,smoke
SmokeSet1/images,002072.jpg,v10,smoke
SmokeSet1/images,002073.jpg,v10,smoke
SmokeSet1/images,002074.jpg,v10,smoke
SmokeSet1/images,002075.jpg,v10,smoke
SmokeSet1/images,002076.jpg,v10,smoke
SmokeSet1/images,002077.jpg,v10,smoke
SmokeSet1/images,002078.jpg,v10,smoke
SmokeSet1/images,002079.jpg,v10,smoke
SmokeSet1/images,002080.jpg,v10,smoke
SmokeSet1/images,002081.jpg,v10,smoke
SmokeSet1/images,002082.jpg,v10,smoke
SmokeSet1/images,002083.jpg,v10,smoke
SmokeSet1/images,002084.jpg,v10,smoke
SmokeSet1/images,002085.jpg,v10,smoke
SmokeSet1/images,002086.jpg,v10,smoke
SmokeSet1/images,002087.jpg,v10,smoke
SmokeSet1/images,002088.jpg,v10,smoke
SmokeSet1/images,002089.jpg,v10,smoke
SmokeSet1/images,002090.jpg,v10,smoke
SmokeSet1/images,002091.jpg,v10,smoke
SmokeSet1/images,002092.jpg,v10,smoke
SmokeSet1/images,002093.jpg,v10,smoke
SmokeSet1/images,002094.jpg,v10,smoke
SmokeSet1/images,002095.jpg,v10,smoke
SmokeSet1/images,002096.jpg,v10,smoke
SmokeSet1/images,002097.jpg,v10,smoke
SmokeSet1/images,002098.jpg,v10,smoke
SmokeSet1/images,002099.jpg,v10,smoke
SmokeSet1/images,002100.jpg,v10,smoke
SmokeSet1/images,002101.jpg,v10,smoke
SmokeSet1/images,002102.jpg,v10,smoke
SmokeSet1/images,002103.jpg,v10,smoke
SmokeSet1/images,002104.jpg,v10,smoke
SmokeSet1/images,002105.jpg,v10,smoke
SmokeSet1/images,002106.jpg,v10,smoke
SmokeSet1/images,002107.jpg,v10,smoke
SmokeSet1/images,002108.jpg,v10,smoke
SmokeSet1/images,002109.jpg,v10,smoke
SmokeSet1/images,002110.jpg,v10,smoke
SmokeSet1/images,002111.jpg,v10,smoke
SmokeSet1/images,002112.jpg,v10,smoke
SmokeSet1/images,002113.jpg,v10,smoke
SmokeSet1/images,002114.jpg,v10,smoke
SmokeSet1/images,002115.jpg,v10,smoke
SmokeSet1/images,002116.jpg,v10,smoke
SmokeSet1/images,002117.jpg,v10,smoke
SmokeSet1/images,002118.jpg,v10,smoke
SmokeSet1/images,002119.jpg,v10,smoke
SmokeSet1/images,002120.jpg,v10,smoke
SmokeSet1/images,002121.jpg,v10,smoke
SmokeSet1/images,002122.jpg,v10,smoke
SmokeSet1/images,002123.jpg,v10,smoke
SmokeSet1/images,002124.jpg,v10,smoke
SmokeSet1/images,002125.jpg,v10,smoke
SmokeSet1/images,002126.jpg,v10,smoke
SmokeSet1/images,002127.jpg,v10,smoke
SmokeSet1/images,002128.jpg,v10,smoke
SmokeSet1/images,002129.jpg,v10,smoke
SmokeSet1/images,002130.jpg,v10,smoke
SmokeSet1/images,002131.jpg,v10,smoke
SmokeSet1/images,002132.jpg,v10,smoke
SmokeSet1/images,002133.jpg,v10,smoke
SmokeSet1/images,002134.jpg,v10,smoke
SmokeSet1/images,002135.jpg,v10,smoke
SmokeSet1/images,002136.jpg,v10,smoke
SmokeSet1/images,002137.jpg,v10,smoke
SmokeSet1/images,002138.jpg,v10,smoke
SmokeSet1/images,002139.jpg,v10,smoke
SmokeSet1/images,002140.jpg,v10,smoke
SmokeSet1/images,002141.jpg,v10,smoke
SmokeSet1/images,002142.jpg,v10,smoke
SmokeSet1/images,002143.jpg,v10,smoke
SmokeSet1/images,002144.jpg,v10,smoke
SmokeSet1/images,002145.jpg,v10,smoke
SmokeSet1/images,002146.jpg,v10,smoke
SmokeSet1/images,002147.jpg,v10,smoke
SmokeSet1/images,002148.jpg,v10,smoke
SmokeSet1/images,002149.jpg,v10,smoke
SmokeSet1/images,002150.jpg,v10,smoke
SmokeSet1/images,002151.jpg,v10,smoke
SmokeSet1/images,002152.jpg,v10,smoke
SmokeSet1/images,002153.jpg,v11,smoke
SmokeSet1/images,002154.jpg,v11,smoke
SmokeSet1/images,002155.jpg,v11,smoke
SmokeSet1/images,002156.jpg,v11,smoke
SmokeSet1/images,002157.jpg,v11,smoke
SmokeSet1/images,002158.jpg,v11,smoke
SmokeSet1/images,002159.jpg,v11,smoke
SmokeSet1/images,002160.jpg,v11,smoke
SmokeSet1/images,002161.jpg,v11,smoke
SmokeSet1/images,002162.jpg,v11,smoke
SmokeSet1/images,002163.jpg,v11,smoke
SmokeSet1/images,002164.jpg,v11,smoke
SmokeSet1/images,002165.jpg,v11,smoke
SmokeSet1/images,002166.jpg,v11,smoke
SmokeSet1/images,002167.jpg,v11,smoke
SmokeSet1/images,002168.jpg,v11,smoke
SmokeSet1/images,002169.jpg,v11,smoke
SmokeSet1/images,002170.jpg,v11,smoke
SmokeSet1/images,002171.jpg,v11,smoke
SmokeSet1/images,002172.jpg,v11,smoke
SmokeSet1/images,002173.jpg,v11,smoke
SmokeSet1/images,002174.jpg,v11,smoke
SmokeSet1/images,002175.jpg,v11,smoke
SmokeSet1/images,002176.jpg,v11,smoke
SmokeSet1/images,002177.jpg,v11,smoke
SmokeSet1/images,002178.jpg,v11,smoke
SmokeSet1/images,002179.jpg,v11,smoke
SmokeSet1/images,002180.jpg,v11,smoke
SmokeSet1/images,002181.jpg,v11,smoke
SmokeSet1/images,002182.jpg,v11,smoke
SmokeSet1/images,002183.jpg,v11,smoke
SmokeSet1/images,002184.jpg,v11,smoke
SmokeSet1/images,002185.jpg,v11,smoke
SmokeSet1/images,002186.jpg,v11,smoke
SmokeSet1/images,002187.jpg,v11,smoke
SmokeSet1/images,002188.jpg,v11,smoke
SmokeSet1/images,002189.jpg,v11,smoke
SmokeSet1/images,002190.jpg,v11,smoke
SmokeSet1/images,002191.jpg,v11,smoke
SmokeSet1/images,002192.jpg,v11,smoke
SmokeSet1/images,002193.jpg,v11,smoke
SmokeSet1/images,002194.jpg,v11,smoke
SmokeSet1/images,002195.jpg,v11,smoke
SmokeSet1/images,002196.jpg,v11,smoke
SmokeSet1/images,002197.jpg,v11,smoke
SmokeSet1/images,002198.jpg,v11,smoke
SmokeSet1/images,002199.jpg,v11,smoke
SmokeSet1/images,002200.jpg,v11,smoke
SmokeSet1/images,002201.jpg,v11,smoke
SmokeSet1/images,002202.jpg,v11,smoke
SmokeSet1/images,002203.jpg,v11,smoke
SmokeSet1/images,002204.jpg,v11,smoke
SmokeSet1/images,002205.jpg,v11,smoke
SmokeSet1/images,002206.jpg,v11,smoke
SmokeSet1/images,002207.jpg,v11,smoke
SmokeSet1/images,002208.jpg,v11,smoke
SmokeSet1/images,002209.jpg,v11,smoke
SmokeSet1/images,002210.jpg,v11,smoke
SmokeSet1/images,002211.jpg,v11,smoke
SmokeSet1/images,002212.jpg,v11,smoke
SmokeSet1/images,002213.jpg,v11,smoke
SmokeSet1/images,002214.jpg,v11,smoke
SmokeSet1/images,002215.jpg,v11,smoke
SmokeSet1/images,002216.jpg,v11,smoke
SmokeSet1/images,002217.jpg,v11,smoke
SmokeSet1/images,002218.jpg,v11,smoke
SmokeSet1/images,002219.jpg,v11,smoke
SmokeSet1/images,002220.jpg,v11,smoke
SmokeSet1/images,002221.jpg,v11,smoke
SmokeSet1/images,002222.jpg,v11,smoke
SmokeSet1/images,002223.jpg,v11,smoke
SmokeSet1/images,002224.jpg,v11,smoke
SmokeSet1/images,002225.jpg,v11,smoke
SmokeSet1/images,002226.jpg,v11,smoke
SmokeSet1/images,002227.jpg,v11,smoke
SmokeSet1/images,002228.jpg,v11,smoke
SmokeSet1/images,002229.jpg,v11,smoke
SmokeSet1/images,002230.jpg,v11,smoke
SmokeSet1/images,002231.jpg,v11,smoke
SmokeSet1/images,002232.jpg,v11,smoke
SmokeSet1/images,002233.jpg,v11,smoke
SmokeSet1/images,002234.jpg,v11,smoke
SmokeSet1/images,002235.jpg,v11,smoke
SmokeSet1/images,002236.jpg,v11,smoke
SmokeSet1/images,002237.jpg,v11,smoke
SmokeSet1/images,002238.jpg,v11,smoke
SmokeSet1/images,002239.jpg,v11,smoke
SmokeSet1/images,002240.jpg,v11,smoke
SmokeSet1/images,002241.jpg,v11,smoke
SmokeSet1/images,002242.jpg,v11,smoke
SmokeSet1/images,002243.jpg,v11,smoke
SmokeSet1/images,002244.jpg,v11,smoke
SmokeSet1/images,002245.jpg,v11,smoke
SmokeSet1/images,002246.jpg,v11,smoke
SmokeSet1/images,002247.jpg,v11,smoke
SmokeSet1/images,002248.jpg,v11,smoke
SmokeSet1/images,002249.jpg,v11,smoke
SmokeSet1/images,002250.jpg,v11,smoke
SmokeSet1/images,002251.jpg,v11,smoke
SmokeSet1/images,002252.jpg,v11,smoke
SmokeSet1/images,002253.jpg,v11,smoke
SmokeSet1/images,002254.jpg,v11,smoke
SmokeSet1/images,002255.jpg,v11,smoke
SmokeSet1/images,002256.jpg,v11,smoke
SmokeSet1/images,002257.jpg,v11,smoke
SmokeSet1/images,002258.jpg,v11,smoke
SmokeSet1/images,002259.jpg,v11,smoke
SmokeSet1/images,002260.jpg,v11,smoke
SmokeSet1/images,002261.jpg,v11,smoke
SmokeSet1/images,002262.jpg,v11,smoke
SmokeSet1/images,002263.jpg,v11,smoke
SmokeSet1/images,002264.jpg,v11,smoke
SmokeSet1/images,002265.jpg,v11,smoke
SmokeSet1/images,002266.jpg,v11,smoke
SmokeSet1/images,002267.jpg,v11,smoke
SmokeSet1/images,002268.jpg,v11,smoke
SmokeSet1/images,002269.jpg,v11,smoke
SmokeSet1/images,002270.jpg,v11,smoke
SmokeSet1/images,002271.jpg,v11,smoke
SmokeSet1/images,002272.jpg,v11,smoke
SmokeSet1/images,002273.jpg,v11,smoke
SmokeSet1/images,002274.jpg,v11,smoke
SmokeSet1/images,002275.jpg,v11,smoke
SmokeSet1/images,002276.jpg,v11,smoke
SmokeSet1/images,002277.jpg,v11,smoke
SmokeSet1/images,002278.jpg,v11,smoke
SmokeSet1/images,002279.jpg,v11,smoke
SmokeSet1/images,002280.jpg,v11,smoke
SmokeSet1/images,002281.jpg,v11,smoke
SmokeSet1/images,002282.jpg,v11,smoke
SmokeSet1/images,002283.jpg,v11,smoke
SmokeSet1/images,002284.jpg,v11,smoke
SmokeSet1/images,002285.jpg,v11,smoke
SmokeSet1/images,002286.jpg,v11,smoke
SmokeSet1/images,002287.jpg,v11,smoke
SmokeSet1/images,002288.jpg,v11,smoke
SmokeSet1/images,002289.jpg,v11,smoke
SmokeSet1/images,002290.jpg,v11,smoke
SmokeSet1/images,002291.jpg,v11,smoke
SmokeSet1/images,002292.jpg,v11,smoke
SmokeSet1/images,002293.jpg,v11,smoke
SmokeSet1/images,002294.jpg,v11,smoke
SmokeSet1/images,002295.jpg,v11,smoke
SmokeSet1/images,002296.jpg,v11,smoke
SmokeSet1/images,002297.jpg,v11,smoke
SmokeSet1/images,002298.jpg,v11,smoke
SmokeSet1/images,002299.jpg,v11,smoke
SmokeSet1/images,002300.jpg,v11,smoke
SmokeSet1/images,002301.jpg,v11,smoke
SmokeSet1/images,002302.jpg,v11,smoke
SmokeSet1/images,002303.jpg,v11,smoke
SmokeSet1/images,002304.jpg,v11,smoke
SmokeSet1/images,002305.jpg,v11,smoke
SmokeSet1/images,002306.jpg,v11,smoke
SmokeSet1/images,002307.jpg,v11,smoke
SmokeSet1/images,002308.jpg,v11,smoke
SmokeSet1/images,002309.jpg,v11,smoke
SmokeSet1/images,002310.jpg,v11,smoke
SmokeSet1/images,002311.jpg,v11,smoke
SmokeSet1/images,002312.jpg,v11,smoke
SmokeSet1/images,002313.jpg,v11,smoke
SmokeSet1/images,002314.jpg,v11,smoke
SmokeSet1/images,002315.jpg,v11,smoke
SmokeSet1/images,002316.jpg,v11,smoke
SmokeSet1/images,002317.jpg,v11,smoke
SmokeSet1/images,002318.jpg,v11,smoke
SmokeSet1/images,002319.jpg,v11,smoke
SmokeSet1/images,002320.jpg,v11,smoke
SmokeSet1/images,002321.jpg,v11,smoke
SmokeSet1/images,002322.jpg,v11,smoke
SmokeSet1/images,002323.jpg,v11,smoke
SmokeSet1/images,002324.jpg,v11,smoke
SmokeSet1/images,002325.jpg,v11,smoke
SmokeSet1/images,002326.jpg,v11,smoke
SmokeSet1/images,002327.jpg,v11,smoke
SmokeSet1/images,002328.jpg,v11,smoke
SmokeSet1/images,002329.jpg,v11,smoke
SmokeSet1/images,002330.jpg,v11,smoke
SmokeSet1/images,002331.jpg,v11,smoke
SmokeSet1/images,002332.jpg,v11,smoke
SmokeSet1/images,002333.jpg,v11,smoke
SmokeSet1/images,002334.jpg,v11,smoke
SmokeSet1/images,002335.jpg,v11,smoke
SmokeSet1/images,002501.jpg,v12,smoke
SmokeSet1/images,002502.jpg,v12,smoke
SmokeSet1/images,002503.jpg,v12,smoke
SmokeSet1/images,002504.jpg,v12,smoke
SmokeSet1/images,002505.jpg,v12,smoke
SmokeSet1/images,002506.jpg,v12,smoke
SmokeSet1/images,002507.jpg,v12,smoke
SmokeSet1/images,002508.jpg,v12,smoke
SmokeSet1/images,002509.jpg,v12,smoke
SmokeSet1/images,002510.jpg,v12,smoke
SmokeSet1/images,002511.jpg,v12,smoke
SmokeSet1/images,002512.jpg,v12,smoke
SmokeSet1/images,002513.jpg,v12,smoke
SmokeSet1/images,002514.jpg,v12,smoke
SmokeSet1/images,002515.jpg,v12,smoke
SmokeSet1/images,002516.jpg,v12,smoke
SmokeSet1/images,002517.jpg,v12,smoke
SmokeSet1/images,002518.jpg,v12,smoke
SmokeSet1/images,002519.jpg,v12,smoke
SmokeSet1/images,002520.jpg,v12,smoke
SmokeSet1/images,002521.jpg,v12,smoke
SmokeSet1/images,002522.jpg,v12,smoke
SmokeSet1/images,002523.jpg,v12,smoke
SmokeSet1/images,002524.jpg,v12,smoke
SmokeSet1/images,002525.jpg,v12,smoke
SmokeSet1/images,002526.jpg,v12,smoke
SmokeSet1/images,002527.jpg,v12,smoke
SmokeSet1/images,002528.jpg,v12,smoke
SmokeSet1/images,002529.jpg,v12,smoke
SmokeSet1/images,002530.jpg,v12,smoke
SmokeSet1/images,002531.jpg,v12,smoke
SmokeSet1/images,002532.jpg,v12,smoke
SmokeSet1/images,002533.jpg,v12,smoke
SmokeSet1/images,002534.jpg,v12,smoke
SmokeSet1/images,002535.jpg,v12,smoke
SmokeSet1/images,002536.jpg,v12,smoke
SmokeSet1/images,002537.jpg,v12,smoke
SmokeSet1/images,002538.jpg,v12,smoke
SmokeSet1/images,002539.jpg,v12,smoke
SmokeSet1/images,002540.jpg,v12,smoke
SmokeSet1/images,002541.jpg,v12,smoke
SmokeSet1/images,002542.jpg,v12,smoke
SmokeSet1/images,002543.jpg,v12,smoke
SmokeSet1/images,002544.jpg,v12,smoke
SmokeSet1/images,002545.jpg,v12,smoke
SmokeSet1/images,002546.jpg,v12,smoke
SmokeSet1/images,002547.jpg,v12,smoke
SmokeSet1/images,002548.jpg,v12,smoke
SmokeSet1/images,002549.jpg,v12,smoke
SmokeSet1/images,002550.jpg,v12,smoke
SmokeSet1/images,002551.jpg,v12,smoke
SmokeSet1/images,002552.jpg,v12,smoke
SmokeSet1/images,002553.jpg,v12,smoke
SmokeSet1/images,002554.jpg,v12,smoke
SmokeSet1/images,002555.jpg,v12,smoke
SmokeSet1/images,002556.jpg,v12,smoke
SmokeSet1/images,002557.jpg,v12,smoke
SmokeSet1/images,002558.jpg,v12,smoke
SmokeSet1/images,002559.jpg,v12,smoke
SmokeSet1/images,002560.jpg,v12,smoke
SmokeSet1/images,002561.jpg,v12,smoke
SmokeSet1/images,002562.jpg,v12,smoke
SmokeSet1/images,002563.jpg,v12,smoke
SmokeSet1/images,002564.jpg,v12,smoke
SmokeSet1/images,002565.jpg,v12,smoke
SmokeSet1/images,002566.jpg,v12,smoke
SmokeSet1/images,002567.jpg,v12,smoke
SmokeSet1/images,002568.jpg,v12,smoke
SmokeSet1/images,002569.jpg,v12,smoke
SmokeSet1/images,002570.jpg,v12,smoke
SmokeSet1/images,002571.jpg,v12,smoke
SmokeSet1/images,002572.jpg,v12,smoke
SmokeSet1/images,002573.jpg,v12,smoke
SmokeSet1/images,002574.jpg,v12,smoke
SmokeSet1/images,002575.jpg,v12,smoke
SmokeSet1/images,002576.jpg,v12,smoke
SmokeSet1/images,002577.jpg,v12,smoke
SmokeSet1/images,002578.jpg,v12,smoke
SmokeSet1/images,002579.jpg,v12,smoke
SmokeSet1/images,002580.jpg,v12,smoke
SmokeSet1/images,002581.jpg,v12,smoke
SmokeSet1/images,002582.jpg,v12,smoke
SmokeSet1/images,002583.jpg,v12,smoke
SmokeSet1/images,002584.jpg,v12,smoke
SmokeSet1/images,002585.jpg,v12,smoke
SmokeSet1/images,002586.jpg,v12,smoke
SmokeSet1/images,002587.jpg,v12,smoke
SmokeSet1/images,002588.jpg,v12,smoke
SmokeSet1/images,002589.jpg,v12,smoke
SmokeSet1/images,002590.jpg,v12,smoke
SmokeSet1/images,002591.jpg,v13,smoke
SmokeSet1/images,002592.jpg,v13,smoke
SmokeSet1/images,002593.jpg,v13,smoke
SmokeSet1/images,002594.jpg,v13,smoke
SmokeSet1/images,002595.jpg,v13,smoke
SmokeSet1/images,002596.jpg,v13,smoke
SmokeSet1/images,002597.jpg,v13,smoke
SmokeSet1/images,002598.jpg,v13,smoke
SmokeSet1/images,002599.jpg,v13,smoke
SmokeSet1/images,002600.jpg,v13,smoke
SmokeSet1/images,002601.jpg,v13,smoke
SmokeSet1/images,002602.jpg,v13,smoke
SmokeSet1/images,002603.jpg,v13,smoke
SmokeSet1/images,002604.jpg,v13,smoke
SmokeSet1/images,002605.jpg,v13,smoke
SmokeSet1/images,002606.jpg,v13,smoke
SmokeSet1/images,002607.jpg,v13,smoke
SmokeSet1/images,002608.jpg,v13,smoke
SmokeSet1/images,002609.jpg,v13,smoke
SmokeSet1/images,002610.jpg,v13,smoke
SmokeSet1/images,002611.jpg,v13,smoke
SmokeSet1/images,002612.jpg,v13,smoke
SmokeSet1/images,002613.jpg,v13,smoke
SmokeSet1/images,002614.jpg,v13,smoke
SmokeSet1/images,002615.jpg,v13,smoke
SmokeSet1/images,002616.jpg,v13,smoke
SmokeSet1/images,002617.jpg,v13,smoke
SmokeSet1/images,002618.jpg,v13,smoke
SmokeSet1/images,002619.jpg,v13,smoke
SmokeSet1/images,002620.jpg,v13,smoke
SmokeSet1/images,002621.jpg,v13,smoke
SmokeSet1/images,002622.jpg,v13,smoke
SmokeSet1/images,002623.jpg,v13,smoke
SmokeSet1/images,002624.jpg,v13,smoke
SmokeSet1/images,002625.jpg,v13,smoke
SmokeSet1/images,002626.jpg,v13,smoke
SmokeSet1/images,002627.jpg,v13,smoke
SmokeSet1/images,002628.jpg,v13,smoke
SmokeSet1/images,002629.jpg,v13,smoke
SmokeSet1/images,002630.jpg,v13,smoke
SmokeSet1/images,002631.jpg,v13,smoke
SmokeSet1/images,002632.jpg,v13,smoke
SmokeSet1/images,002633.jpg,v13,smoke
SmokeSet1/images,002634.jpg,v13,smoke
SmokeSet1/images,002635.jpg,v13,smoke
SmokeSet1/images,002636.jpg,v13,smoke
SmokeSet1/images,002637.jpg,v13,smoke
SmokeSet1/images,002638.jpg,v13,smoke
SmokeSet1/images,002639.jpg,v13,smoke
SmokeSet1/images,002640.jpg,v13,smoke
SmokeSet1/images,002641.jpg,v13,smoke
SmokeSet1/images,002642.jpg,v13,smoke
SmokeSet1/images,002643.jpg,v13,smoke
SmokeSet1/images,002644.jpg,v13,smoke
SmokeSet1/images,002645.jpg,v13,smoke
SmokeSet1/images,002646.jpg,v13,smoke
SmokeSet1/images,002647.jpg,v13,smoke
SmokeSet1/images,002648.jpg,v13,smoke
SmokeSet1/images,002649.jpg,v13,smoke
SmokeSet1/images,002650.jpg,v13,smoke
SmokeSet1/images,002651.jpg,v13,smoke
SmokeSet1/images,002652.jpg,v13,smoke
SmokeSet1/images,002653.jpg,v13,smoke
SmokeSet1/images,002654.jpg,v13,smoke
SmokeSet1/images,002655.jpg,v13,smoke
SmokeSet1/images,002656.jpg,v13,smoke
SmokeSet1/images,002657.jpg,v13,smoke
SmokeSet1/images,002658.jpg,v13,smoke
SmokeSet1/images,002659.jpg,v13,smoke
SmokeSet1/images,002660.jpg,v13,smoke
SmokeSet1/images,002661.jpg,v13,smoke
SmokeSet1/images,002662.jpg,v13,smoke
SmokeSet1/images,002663.jpg,v13,smoke
SmokeSet1/images,002664.jpg,v13,smoke
SmokeSet1/images,002665.jpg,v13,smoke
SmokeSet1/images,002666.jpg,v13,smoke
SmokeSet1/images,002667.jpg,v13,smoke
SmokeSet1/images,002668.jpg,v13,smoke
SmokeSet1/images,002669.jpg,v13,smoke
SmokeSet1/images,002670.jpg,v13,smoke
SmokeSet1/images,002671.jpg,v13,smoke
SmokeSet1/images,002672.jpg,v13,smoke
SmokeSet1/images,002673.jpg,v13,smoke
SmokeSet1/images,002674.jpg,v13,smoke
SmokeSet1/images,002675.jpg,v13,smoke
SmokeSet1/images,002676.jpg,v13,smoke
SmokeSet1/images,002677.jpg,v13,smoke
SmokeSet1/images,002678.jpg,v13,smoke
SmokeSet1/images,002679.jpg,v13,smoke
SmokeSet1/images,002680.jpg,v13,smoke
SmokeSet1/images,002681.jpg,v13,smoke
SmokeSet1/images,002682.jpg,v13,smoke
SmokeSet1/images,002683.jpg,v13,smoke
SmokeSet1/images,002684.jpg,v13,smoke
SmokeSet1/images,002685.jpg,v13,smoke
SmokeSet1/images,002686.jpg,v13,smoke
SmokeSet1/images,002687.jpg,v13,smoke
SmokeSet1/images,002688.jpg,v13,smoke
SmokeSet1/images,002689.jpg,v13,smoke
SmokeSet1/images,002690.jpg,v13,smoke
SmokeSet1/images,002691.jpg,v13,smoke
SmokeSet1/images,002692.jpg,v13,smoke
SmokeSet1/images,002693.jpg,v13,smoke
SmokeSet1/images,002694.jpg,v13,smoke
SmokeSet1/images,002695.jpg,v13,smoke
SmokeSet1/images,002696.jpg,v13,smoke
SmokeSet1/images,002697.jpg,v13,smoke
SmokeSet1/images,002698.jpg,v13,smoke
SmokeSet1/images,002699.jpg,v13,smoke
SmokeSet1/images,002700.jpg,v13,smoke
SmokeSet1/images,002701.jpg,v13,smoke
SmokeSet1/images,002702.jpg,v13,smoke
SmokeSet1/images,002703.jpg,v13,smoke
SmokeSet1/images,002704.jpg,v13,smoke
SmokeSet1/images,002705.jpg,v13,smoke
SmokeSet1/images,002709.jpg,v14,smoke
SmokeSet1/images,002710.jpg,v14,smoke
SmokeSet1/images,002711.jpg,v14,smoke
SmokeSet1/images,002712.jpg,v14,smoke
SmokeSet1/images,002713.jpg,v14,smoke
SmokeSet1/images,002714.jpg,v14,smoke
SmokeSet1/images,002715.jpg,v14,smoke
SmokeSet1/images,002716.jpg,v14,smoke
SmokeSet1/images,002717.jpg,v14,smoke
SmokeSet1/images,002718.jpg,v14,smoke
SmokeSet1/images,002719.jpg,v14,smoke
SmokeSet1/images,002720.jpg,v14,smoke
SmokeSet1/images,002721.jpg,v14,smoke
SmokeSet1/images,002722.jpg,v14,smoke
SmokeSet1/images,002723.jpg,v14,smoke
SmokeSet1/images,002724.jpg,v14,smoke
SmokeSet1/images,002725.jpg,v14,smoke
SmokeSet1/images,002726.jpg,v14,smoke
SmokeSet1/images,002727.jpg,v14,smoke
SmokeSet1/images,002728.jpg,v14,smoke
SmokeSet1/images,002729.jpg,v14,smoke
SmokeSet1/images,002730.jpg,v14,smoke
SmokeSet1/images,002731.jpg,v14,smoke
SmokeSet1/images,002732.jpg,v14,smoke
SmokeSet1/images,002733.jpg,v14,smoke
SmokeSet1/images,002734.jpg,v14,smoke
SmokeSet1/images,002735.jpg,v14,smoke
SmokeSet1/images,002736.jpg,v14,smoke
SmokeSet1/images,002737.jpg,v14,smoke
SmokeSet1/images,002738.jpg,v14,smoke
SmokeSet1/images,002739.jpg,v14,smoke
SmokeSet1/images,002740.jpg,v14,smoke
SmokeSet1/images,002741.jpg,v14,smoke
SmokeSet1/images,002742.jpg,v14,smoke
SmokeSet1/images,002743.jpg,v14,smoke
SmokeSet1/images,002744.jpg,v14,smoke
SmokeSet1/images,002745.jpg,v14,smoke
SmokeSet1/images,002822.jpg,v15,smoke
SmokeSet1/images,002823.jpg,v15,smoke
SmokeSet1/images,002824.jpg,v15,smoke
SmokeSet1/images,002825.jpg,v15,smoke
SmokeSet1/images,002826.jpg,v15,smoke
SmokeSet1/images,002827.jpg,v15,smoke
SmokeSet1/images,002828.jpg,v15,smoke
SmokeSet1/images,002829.jpg,v15,smoke
SmokeSet1/images,002830.jpg,v15,smoke
SmokeSet1/images,002831.jpg,v15,smoke
SmokeSet1/images,002832.jpg,v15,smoke
SmokeSet1/images,002833.jpg,v15,smoke
SmokeSet1/images,002834.jpg,v15,smoke
SmokeSet1/images,002835.jpg,v15,smoke
SmokeSet1/images,002836.jpg,v15,smoke
SmokeSet1/images,002837.jpg,v15,smoke
SmokeSet1/images,002838.jpg,v15,smoke
SmokeSet1/images,002839.jpg,v15,smoke
SmokeSet1/images,002840.jpg,v15,smoke
SmokeSet1/images,002841.jpg,v15,smoke
SmokeSet1/images,002842.jpg,v15,smoke
SmokeSet1/images,002843.jpg,v15,smoke
SmokeSet1/images,002844.jpg,v15,smoke
SmokeSet1/images,002845.jpg,v15,smoke
SmokeSet1/images,002846.jpg,v15,smoke
SmokeSet1/images,002847.jpg,v15,smoke
SmokeSet1/images,002848.jpg,v15,smoke
SmokeSet1/images,002849.jpg,v15,smoke
SmokeSet1/images,002850.jpg,v15,smoke
SmokeSet1/images,002851.jpg,v15,smoke
SmokeSet1/images,002852.jpg,v15,smoke
SmokeSet1/images,002853.jpg,v15,smoke
SmokeSet1/images,002854.jpg,v15,smoke
SmokeSet1/images,002855.jpg,v15,smoke
SmokeSet1/images,002856.jpg,v15,smoke
SmokeSet1/images,002857.jpg,v15,smoke
SmokeSet1/images,002858.jpg,v15,smoke
SmokeSet1/images,002859.jpg,v15,smoke
SmokeSet1/images,002860.jpg,v15,smoke
SmokeSet1/images,002861.jpg,v15,smoke
SmokeSet1/images,002862.jpg,v15,smoke
SmokeSet1/images,002863.jpg,v15,smoke
SmokeSet1/images,002864.jpg,v15,smoke
SmokeSet1/images,002865.jpg,v15,smoke
SmokeSet1/images,002866.jpg,v15,smoke
SmokeSet1/images,002867.jpg,v15,smoke
SmokeSet1/images,002868.jpg,v15,smoke
SmokeSet1/images,002869.jpg,v15,smoke
SmokeSet1/images,002870.jpg,v15,smoke
SmokeSet1/images,002871.jpg,v15,smoke
SmokeSet1/images,002872.jpg,v15,smoke
SmokeSet1/images,002873.jpg,v15,smoke
SmokeSet1/images,002874.jpg,v15,smoke
SmokeSet1/images,002875.jpg,v15,smoke
SmokeSet1/images,002876.jpg,v15,smoke
SmokeSet1/images,002877.jpg,v15,smoke
SmokeSet1/images,002878.jpg,v15,smoke
SmokeSet1/images,002879.jpg,v15,smoke
SmokeSet1/images,002880.jpg,v15,smoke
SmokeSet1/images,002881.jpg,v15,smoke
SmokeSet1/images,002882.jpg,v15,smoke
SmokeSet1/images,002883.jpg,v15,smoke
SmokeSet1/images,002884.jpg,v15,smoke
SmokeSet1/images,002885.jpg,v15,smoke
SmokeSet1/images,002886.jpg,v15,smoke
SmokeSet1/images,002887.jpg,v15,smoke
SmokeSet1/images,002888.jpg,v15,smoke
SmokeSet1/images,002889.jpg,v15,smoke
SmokeSet1/images,002890.jpg,v15,smoke
SmokeSet1/images,002891.jpg,v15,smoke
SmokeSet1/images,002892.jpg,v15,smoke
SmokeSet1/images,002893.jpg,v15,smoke
SmokeSet1/images,002894.jpg,v15,smoke
SmokeSet1/images,002895.jpg,v15,smoke
SmokeSet1/images,002896.jpg,v15,smoke
SmokeSet1/images,002897.jpg,v15,smoke
SmokeSet1/images,002898.jpg,v15,smoke
SmokeSet1/images,002899.jpg,v15,smoke
SmokeSet1/images,002900.jpg,v15,smoke
SmokeSet1/images,003094.jpg,v16,smoke
SmokeSet1/images,003095.jpg,v16,smoke
SmokeSet1/images,003096.jpg,v16,smoke
SmokeSet1/images,003097.jpg,v16,smoke
SmokeSet1/images,003098.jpg,v16,smoke
SmokeSet1/images,003099.jpg,v16,smoke
SmokeSet1/images,003100.jpg,v16,smoke
SmokeSet1/images,003101.jpg,v16,smoke
SmokeSet1/images,003102.jpg,v16,smoke
SmokeSet1/images,003103.jpg,v16,smoke
SmokeSet1/images,003104.jpg,v16,smoke
SmokeSet1/images,003105.jpg,v16,smoke
SmokeSet1/images,003106.jpg,v16,smoke
SmokeSet1/images,003107.jpg,v16,smoke
SmokeSet1/images,003108.jpg,v16,smoke
SmokeSet1/images,003109.jpg,v16,smoke
SmokeSet1/images,003110.jpg,v16,smoke
SmokeSet1/images,003111.jpg,v17,smoke
SmokeSet1/images,003112.jpg,v17,smoke
SmokeSet1/images,003113.jpg,v17,smoke
SmokeSet1/images,003114.jpg,v17,smoke
SmokeSet1/images,003115.jpg,v17,smoke
SmokeSet1/images,003116.jpg,v17,smoke
SmokeSet1/images,003117.jpg,v17,smoke
SmokeSet1/images,003118.jpg,v17,smoke
SmokeSet1/images,003119.jpg,v17,smoke
SmokeSet1/images,003120.jpg,v17,smoke
SmokeSet1/images,003121.jpg,v18,smoke
SmokeSet1/images,003122.jpg,v18,smoke
SmokeSet1/images,003123.jpg,v18,smoke
SmokeSet1/images,003124.jpg,v18,smoke
SmokeSet1/images,003125.jpg,v18,smoke
SmokeSet1/images,003126.jpg,v18,smoke
SmokeSet1/images,003127.jpg,v18,smoke
SmokeSet1/images,003128.jpg,v18,smoke
SmokeSet1/images,003129.jpg,v18,smoke
SmokeSet1/images,003130.jpg,v18,smoke
SmokeSet1/images,003131.jpg,v18,smoke
SmokeSet1/images,003132.jpg,v18,smoke
SmokeSet1/images,003133.jpg,v18,smoke
SmokeSet1/images,003134.jpg,v18,smoke
SmokeSet1/images,003135.jpg,v18,smoke
SmokeSet1/images,003136.jpg,v18,smoke
SmokeSet1/images,003137.jpg,v18,smoke
SmokeSet1/images,003138.jpg,v18,smoke
SmokeSet1/images,003139.jpg,v18,smoke
SmokeSet1/images,003140.jpg,v18,smoke
SmokeSet1/images,003141.jpg,v18,smoke
SmokeSet1/images,003142.jpg,v18,smoke
SmokeSet1/images,003143.jpg,v18,smoke
SmokeSet1/images,003144.jpg,v18,smoke
SmokeSet1/images,003145.jpg,v18,smoke
SmokeSet1/images,003146.jpg,v18,smoke
SmokeSet1/images,003147.jpg,v18,smoke
SmokeSet1/images,003148.jpg,v18,smoke
SmokeSet1/images,003149.jpg,v18,smoke
SmokeSet1/images,003150.jpg,v18,smoke
SmokeSet1/images,003151.jpg,v18,smoke
SmokeSet1/images,003152.jpg,v18,smoke
SmokeSet1/images,003153.jpg,v18,smoke
SmokeSet1/images,003154.jpg,v18,smoke
SmokeSet1/images,003155.jpg,v18,smoke
SmokeSet1/images,003156.jpg,v18,smoke
SmokeSet1/images,003157.jpg,v18,smoke
SmokeSet1/images,003158.jpg,v18,smoke
SmokeSet1/images,003159.jpg,v18,smoke
SmokeSet1/images,003160.jpg,v18,smoke
SmokeSet1/images,003161.jpg,v18,smoke
SmokeSet1/images,003162.jpg,v18,smoke
SmokeSet1/images,003163.jpg,v18,smoke
SmokeSet1/images,003164.jpg,v18,smoke
SmokeSet1/images,003165.jpg,v18,smoke
SmokeSet1/images,003166.jpg,v18,smoke
SmokeSet1/images,003167.jpg,v18,smoke
SmokeSet1/images,003168.jpg,v18,smoke
SmokeSet1/images,003169.jpg,v18,smoke
SmokeSet1/images,003170.jpg,v18,smoke
SmokeSet1/images,003171.jpg,v18,smoke
SmokeSet1/images,003172.jpg,v18,smoke
SmokeSet1/images,003173.jpg,v18,smoke
SmokeSet1/images,003174.jpg,v18,smoke
SmokeSet1/images,003175.jpg,v18,smoke
SmokeSet1/images,003176.jpg,v18,smoke
SmokeSet1/images,003177.jpg,v18,smoke
SmokeSet1/images,003178.jpg,v18,smoke
SmokeSet1/images,003179.jpg,v18,smoke
SmokeSet1/images,003180.jpg,v18,smoke
SmokeSet1/images,003181.jpg,v18,smoke
SmokeSet1/images,003182.jpg,v18,smoke
SmokeSet1/images,003183.jpg,v18,smoke
SmokeSet1/images,003184.jpg,v18,smoke
SmokeSet1/images,003185.jpg,v18,smoke
SmokeSet1/images,003186.jpg,v18,smoke
SmokeSet1/images,003187.jpg,v18,smoke
SmokeSet1/images,003188.jpg,v18,smoke
SmokeSet1/images,003189.jpg,v18,smoke
SmokeSet1/images,003190.jpg,v18,smoke
SmokeSet1/images,003191.jpg,v18,smoke
SmokeSet1/images,003192.jpg,v19,smoke
SmokeSet1/images,003193.jpg,v19,smoke
SmokeSet1/images,003194.jpg,v19,smoke
SmokeSet1/images,003195.jpg,v19,smoke
SmokeSet1/images,003196.jpg,v19,smoke
SmokeSet1/images,003197.jpg,v19,smoke
SmokeSet1/images,003198.jpg,v19,smoke
SmokeSet1/images,003199.jpg,v19,smoke
SmokeSet1/images,003200.jpg,v19,smoke
SmokeSet1/images,003201.jpg,v19,smoke
SmokeSet1/images,003202.jpg,v19,smoke
SmokeSet1/images,003203.jpg,v19,smoke
SmokeSet1/images,003204.jpg,v19,smoke
SmokeSet1/images,003205.jpg,v19,smoke
SmokeSet1/images,003206.jpg,v19,smoke
SmokeSet1/images,003207.jpg,v19,smoke
SmokeSet1/images,003208.jpg,v19,smoke
SmokeSet1/images,003209.jpg,v19,smoke
SmokeSet1/images,003210.jpg,v19,smoke
SmokeSet1/images,003211.jpg,v19,smoke
SmokeSet1/images,003212.jpg,v19,smoke
SmokeSet1/images,003213.jpg,v19,smoke
SmokeSet1/images,003214.jpg,v19,smoke
SmokeSet1/images,003215.jpg,v19,smoke
SmokeSet1/images,003216.jpg,v19,smoke
SmokeSet1/images,003217.jpg,v19,smoke
SmokeSet1/images,003218.jpg,v19,smoke
SmokeSet1/images,003219.jpg,v19,smoke
SmokeSet1/images,003220.jpg,v19,smoke
SmokeSet1/images,003221.jpg,v19,smoke
SmokeSet1/images,003222.jpg,v19,smoke
SmokeSet1/images,003223.jpg,v19,smoke
SmokeSet1/images,003224.jpg,v19,smoke
SmokeSet1/images,003225.jpg,v19,smoke
SmokeSet1/images,003226.jpg,v19,smoke
SmokeSet1/images,003227.jpg,v19,smoke
SmokeSet1/images,003228.jpg,v19,smoke
SmokeSet1/images,003229.jpg,v19,smoke
SmokeSet1/images,003230.jpg,v19,smoke
SmokeSet1/images,003231.jpg,v19,smoke
SmokeSet1/images,003232.jpg,v19,smoke
SmokeSet1/images,003233.jpg,v19,smoke
SmokeSet1/images,003234.jpg,v19,smoke
SmokeSet1/images,003235.jpg,v19,smoke
SmokeSet1/images,003236.jpg,v19,smoke
SmokeSet1/images,003237.jpg,v19,smoke
SmokeSet1/images,003238.jpg,v19,smoke
SmokeSet1/images,003239.jpg,v19,smoke
SmokeSet1/images,003240.jpg,v19,smoke
SmokeSet1/images,003241.jpg,v19,smoke
SmokeSet1/images,003242.jpg,v19,smoke
SmokeSet1/images,003243.jpg,v19,smoke
SmokeSet1/images,003244.jpg,v19,smoke
SmokeSet1/images,003245.jpg,v19,smoke
SmokeSet1/images,003246.jpg,v19,smoke
SmokeSet1/images,003247.jpg,v19,smoke
SmokeSet1/images,003248.jpg,v19,smoke
SmokeSet1/images,003249.jpg,v19,smoke
SmokeSet1/images,003250.jpg,v19,smoke
SmokeSet1/images,003251.jpg,v19,smoke
SmokeSet1/images,003252.jpg,v19,smoke
SmokeSet1/images,003253.jpg,v19,smoke
SmokeSet1/images,003254.jpg,v19,smoke
SmokeSet1/images,003255.jpg,v19,smoke
SmokeSet1/images,003256.jpg,v19,smoke
SmokeSet1/images,003257.jpg,v19,smoke
SmokeSet1/images,003258.jpg,v19,smoke
SmokeSet1/images,003259.jpg,v19,smoke
SmokeSet1/images,003260.jpg,v19,smoke
SmokeSet1/images,003261.jpg,v19,smoke
SmokeSet1/images,003262.jpg,v19,smoke
SmokeSet1/images,003263.jpg,v19,smoke
SmokeSet1/images,003264.jpg,v19,smoke
SmokeSet1/images,003265.jpg,v19,smoke
SmokeSet1/images,003266.jpg,v19,smoke
SmokeSet1/images,003267.jpg,v19,smoke
SmokeSet1/images,003268.jpg,v19,smoke
SmokeSet1/images,003269.jpg,v19,smoke
SmokeSet1/images,003270.jpg,v19,smoke
